Clock,gx,gy,gz,,,,,
4695634,0.31,-0.24,0,,,,,
4707248,0.18,-0.43,0,,,,,
4713045,0.12,-0.49,0.06,,,,,
4718840,0.12,-0.55,0.06,,,,,
4724641,0.12,-0.49,0,,,,,
4730435,0.12,-0.31,0,,,,,
4736894,0.12,-0.12,-0.06,,,,,
4742688,0.06,0.06,-0.06,,,,,
4748909,0.06,0.18,-0.12,,,,,
4754706,0,0.24,-0.06,,,,,
4760507,-0.06,0.24,0,,,,,
4766301,-0.06,0.18,0,,,,,
4772774,-0.06,0.12,0,,,,,
4778569,0,-0.12,0.06,,,,,
4784370,0.06,-0.18,0.06,,,,,
4790167,0.06,-0.18,0.06,,,,,
4795965,0.06,-0.18,0.06,,,,,
4802202,0.06,-0.18,0.12,,,,,
4808687,0.12,-0.18,0.18,,,,,
4814485,0.12,-0.18,0.06,,,,,
4820284,0.06,-0.18,0,,,,,
4826079,0.06,-0.12,-0.06,,,,,
4831877,0,0,0,,,,,
4837674,0,0.12,0.06,,,,,
4844154,0,0.43,0.06,,,,,
4849950,0.06,0.49,0,,,,,
4856185,0.12,0.49,0,,,,,
4861983,0.12,0.37,0,,,,,
4867782,0.06,0.12,-0.06,,,,,
4873578,0,-0.18,-0.06,,,,,
4880083,0,-0.24,0,,,,,
4885876,0,-0.18,0,,,,,
4891677,0,-0.12,0.06,,,,,
4897473,-0.06,-0.06,0.12,,,,,
4903274,-0.06,0,0.12,,,,,
4909523,0,0.12,0.06,,,,,
4916036,0,0.12,0.06,,,,,
4921832,0.06,0.12,0,,,,,
4927633,0,0.24,-0.06,,,,,
4933432,0,0.37,-0.06,,,,,
4939231,-0.12,0.37,0,,,,,
4945026,-0.06,0.24,0.06,,,,,
4951555,0,0.06,0.06,,,,,
4957353,-0.06,-0.18,0.06,,,,,
4963631,0,-0.43,0,,,,,
4969428,0.06,-0.43,-0.06,,,,,
4975229,0.12,-0.37,-0.06,,,,,
4981025,0.12,-0.24,-0.12,,,,,
4987575,0.12,-0.18,-0.12,,,,,
4993369,0.12,-0.06,-0.06,,,,,
4999170,0.18,0.12,0.06,,,,,
5005052,0.18,0.18,0.06,,,,,
5010884,0.12,0.12,0,,,,,
5017704,0.06,0.06,-0.06,,,,,
5024793,0.12,0.06,-0.12,,,,,
5030629,0.18,-0.06,-0.06,,,,,
5036464,0.18,-0.18,-0.06,,,,,
5042299,0.12,-0.31,-0.06,,,,,
5048144,0.12,-0.31,-0.06,,,,,
5055255,0.12,-0.24,0,,,,,
5061103,0.06,-0.18,0.06,,,,,
5066976,0.12,0,0.06,,,,,
5073835,0.06,0.24,0,,,,,
5079703,0.12,0.31,0,,,,,
5085581,0.24,0.37,0,,,,,
5092735,0.24,0.43,0.06,,,,,
5098617,0.12,0.43,0.12,,,,,
5104499,0.12,0.31,0.12,,,,,
5110385,0.18,0.18,0.06,,,,,
5116270,0.18,0,0.06,,,,,
5122160,0.18,-0.18,0.06,,,,,
5130311,0.12,-0.24,0.06,,,,,
5136195,0.06,-0.18,0.12,,,,,
5142091,0.06,-0.06,0.12,,,,,
5147985,0.12,0,0.06,,,,,
5153884,0.18,0.12,0.06,,,,,
5159785,0.18,0.24,0.12,,,,,
5166976,0.18,0.37,0.18,,,,,
5172879,0.24,0.55,0.18,,,,,
5178785,0.24,0.49,0.12,,,,,
5185681,0.24,0.06,0.12,,,,,
5191581,0.18,-0.31,0.06,,,,,
5197491,0.18,-0.49,0,,,,,
5204694,0.24,-0.12,0,,,,,
5210611,0.24,0.06,-0.06,,,,,
5216529,0.18,0.24,-0.06,,,,,
5222446,0.12,0.37,0,,,,,
5228367,0.12,0.43,0,,,,,
5234285,0.06,0.24,0.06,,,,,
5242486,0.12,0.24,0,,,,,
5248403,0.12,0.24,0,,,,,
5254327,0,0.06,-0.12,,,,,
5260254,-0.06,-0.06,-0.12,,,,,
5266185,-0.12,-0.24,-0.06,,,,,
5272123,-0.12,-0.37,0.06,,,,,
5279355,-0.06,-0.43,0.12,,,,,
5285292,-0.06,-0.43,0.12,,,,,
5291237,-0.06,-0.43,0.06,,,,,
5298164,0,-0.43,0,,,,,
5304105,0.06,-0.18,-0.18,,,,,
5310052,0.06,0.12,-0.18,,,,,
5317299,0.06,0.37,-0.06,,,,,
5323247,0.06,0.55,0,,,,,
5329199,0.12,0.49,0.06,,,,,
5335151,0.12,0.37,0.06,,,,,
5341110,0.12,0.18,0.06,,,,,
5347066,0.12,0,0.06,,,,,
5355314,0.18,-0.37,0.06,,,,,
5361267,0.24,-0.37,0,,,,,
5367230,0.24,-0.24,0,,,,,
5373193,0.18,-0.06,0.06,,,,,
5379162,0,0.18,0.12,,,,,
5385133,0,0.24,0.12,,,,,
5391119,0.06,0.43,0.12,,,,,
5397093,0.06,0.55,0.12,,,,,
5403068,0.12,0.55,0.12,,,,,
5410029,0.06,0.31,0,,,,,
5415999,0,0.18,0,,,,,
5423296,-0.06,0,0.06,,,,,
5429274,0.06,-0.37,0,,,,,
5435263,0.06,-0.55,-0.06,,,,,
5441251,0.06,-0.61,-0.12,,,,,
5447237,0.12,-0.61,-0.12,,,,,
5453227,0.12,-0.49,-0.12,,,,,
5461526,0.12,-0.24,-0.06,,,,,
5476333,0.18,0.18,0,,,,,
5482503,0.18,0.24,0,,,,,
5488669,0.18,0.49,-0.12,,,,,
5494832,0.12,0.49,-0.06,,,,,
5501001,0.06,0.37,0,,,,,
5507978,0.18,0.37,0.06,,,,,
5514726,0.31,0.37,0.06,,,,,
5520897,0.24,0.24,0,,,,,
5527076,0.12,0,-0.06,,,,,
5533248,0.12,-0.12,-0.12,,,,,
5539430,0.12,-0.18,-0.06,,,,,
5546424,0.06,-0.31,0,,,,,
5552603,0,-0.49,0,,,,,
5558782,0,-0.61,-0.06,,,,,
5565953,0.12,-0.49,-0.06,,,,,
5572132,0.12,-0.31,0,,,,,
5578320,0.06,0,0,,,,,
5585324,0,0.67,0.12,,,,,
5591517,0,0.79,0.12,,,,,
5597710,0.06,0.67,0.06,,,,,
5603908,0.12,0.37,0.12,,,,,
5610108,0.12,0.06,0.18,,,,,
5617289,0.12,-0.31,0.18,,,,,
5624301,0.12,-0.79,0.06,,,,,
5630505,0,-0.92,0,,,,,
5636710,0,-0.85,-0.06,,,,,
5642922,-0.06,-0.67,-0.12,,,,,
5649131,0,-0.24,-0.06,,,,,
5654939,0.06,-0.06,0,,,,,
5661982,0.18,0.24,0.06,,,,,
5668776,0.31,0.55,0.06,,,,,
5674583,0.31,0.61,0,,,,,
5680396,0.24,0.55,-0.06,,,,,
5686213,0.24,0.43,0,,,,,
5692070,0.24,0.18,0.12,,,,,
5699203,0.24,-0.31,0.18,,,,,
5705080,0.31,-0.37,0.12,,,,,
5710961,0.24,-0.37,0.06,,,,,
5716841,0.18,-0.37,0.12,,,,,
5723714,0.06,-0.06,0.24,,,,,
5729583,0,0.12,0.24,,,,,
5736729,0,0.31,0.18,,,,,
5742588,0,0.49,0.12,,,,,
5748445,0.06,0.55,0.06,,,,,
5754301,0.12,0.43,0,,,,,
5760133,0.06,0.31,-0.06,,,,,
5767170,0,0.12,-0.06,,,,,
5773380,0,-0.06,-0.06,,,,,
5780169,0.06,-0.18,-0.12,,,,,
5786037,0.06,-0.12,-0.12,,,,,
5791910,0.06,0,-0.06,,,,,
5797755,0.12,0,0,,,,,
5804908,0.18,0,0.06,,,,,
5810723,0.18,0.06,0.06,,,,,
5816572,0.18,0.12,0,,,,,
5822386,0.12,0.12,-0.06,,,,,
5828205,0,0.12,-0.06,,,,,
5835009,-0.12,0.12,0,,,,,
5842154,-0.06,0,0,,,,,
5848068,-0.06,-0.12,-0.06,,,,,
5853983,0.12,-0.18,-0.18,,,,,
5859900,0.18,-0.24,-0.12,,,,,
5865822,0.24,-0.24,-0.06,,,,,
5871743,0.24,-0.24,-0.06,,,,,
5883969,0.06,-0.31,0,,,,,
5891349,0.06,-0.31,0.06,,,,,
5897188,0.12,-0.24,0.12,,,,,
5903049,0.24,-0.06,0.18,,,,,
5908911,0.18,0.49,0.06,,,,,
5914749,0.12,0.67,-0.06,,,,,
5921864,0.18,0.73,0,,,,,
5927736,0.12,0.55,0.06,,,,,
5933592,0.12,0.06,0.06,,,,,
5939430,0.18,-0.06,0.06,,,,,
5946253,0.12,-0.06,0,,,,,
5952120,0.06,-0.06,0,,,,,
5959237,-0.12,-0.12,-0.24,,,,,
5965117,-0.12,0,-0.24,,,,,
5970998,0,0.24,-0.18,,,,,
5976881,0.06,0.37,-0.06,,,,,
5982769,0,0.37,-0.06,,,,,
5989935,-0.06,0.06,0.06,,,,,
5995791,0,-0.12,0.06,,,,,
6002636,0.06,-0.24,0.06,,,,,
6008521,-0.06,-0.24,0.06,,,,,
6014375,-0.12,-0.18,-0.06,,,,,
6020270,-0.18,-0.12,-0.12,,,,,
6027411,-0.24,-0.06,-0.12,,,,,
6033275,-0.31,0,0,,,,,
6040745,-0.31,0,0.12,,,,,
6046669,-0.12,-0.06,0,,,,,
6052587,0,-0.12,-0.06,,,,,
6059454,0.18,0.06,0,,,,,
6066658,0.24,0.12,0,,,,,
6072578,0.18,0.12,0,,,,,
6078499,0,0,0.12,,,,,
6084419,-0.06,0,0.06,,,,,
6090343,-0.06,-0.12,0.06,,,,,
6096587,0,-0.18,-0.06,,,,,
6103816,0.18,-0.06,-0.06,,,,,
6110736,0.18,0.18,0,,,,,
6116667,0.24,0.31,0.06,,,,,
6122603,0.18,0.24,0.12,,,,,
6128536,0,-0.06,0,,,,,
6134438,-0.06,-0.24,-0.12,,,,,
6141679,-0.06,-0.37,-0.18,,,,,
6147624,-0.06,-0.43,-0.18,,,,,
6153956,-0.06,-0.12,0,,,,,
6159872,0,0.06,0.06,,,,,
6166801,0.06,0.18,0,,,,,
6174050,0.18,0.24,0,,,,,
6179968,0.18,0.18,-0.06,,,,,
6185922,0.12,0.18,-0.12,,,,,
6191878,0.06,0.12,-0.12,,,,,
6197836,0,0,-0.12,,,,,
6203764,0,-0.24,0,,,,,
6211352,0,-0.24,0,,,,,
6218296,0.06,-0.31,0,,,,,
6224258,0.12,-0.12,-0.06,,,,,
6230193,0.12,0,-0.06,,,,,
6236164,0.12,-0.06,0,,,,,
6242259,0,-0.18,0.06,,,,,
6249776,-0.06,-0.31,0.12,,,,,
6255881,0.06,-0.24,0.12,,,,,
6261978,0,-0.24,0.06,,,,,
6277565,0.18,-0.18,0,,,,,
6283429,0.18,-0.06,0.12,,,,,
6289287,0.31,0.06,0.12,,,,,
6296428,0.37,0.24,0.06,,,,,
6302289,0.31,0.31,0,,,,,
6308188,0.18,0.24,-0.06,,,,,
6314058,0,0.06,0,,,,,
6319960,0,0,0,,,,,
6325870,0,0,-0.06,,,,,
6334388,0.12,0,-0.06,,,,,
6340293,0.18,-0.06,-0.12,,,,,
6346216,0.12,-0.18,-0.18,,,,,
6352142,0.06,-0.31,-0.18,,,,,
6358032,0,-0.31,-0.24,,,,,
6365244,0.12,-0.06,-0.24,,,,,
6371171,0.18,0.06,-0.18,,,,,
6377100,0.18,0.18,-0.06,,,,,
6382997,0.12,0.24,0,,,,,
6390239,0,0.24,-0.06,,,,,
6396170,0,0.18,-0.12,,,,,
6403365,0,0,-0.06,,,,,
6409296,-0.06,-0.12,0.12,,,,,
6415238,-0.06,-0.06,0.06,,,,,
6421181,-0.06,0.06,0.06,,,,,
6427125,0,0.18,0.06,,,,,
6433057,0,0.18,0.12,,,,,
6441253,0.06,0,0,,,,,
6447512,0.06,-0.06,0,,,,,
6453462,0.18,0.06,0,,,,,
6459365,0.31,0.12,0,,,,,
6465315,0.31,0.18,-0.06,,,,,
6471241,0.12,0.12,-0.06,,,,,
6478500,-0.12,0,-0.06,,,,,
6484444,-0.24,-0.12,0,,,,,
6490398,-0.24,-0.18,0.06,,,,,
6497310,-0.18,-0.24,0,,,,,
6503583,0.06,-0.18,-0.12,,,,,
6509517,0.06,-0.06,-0.06,,,,,
6516803,0.12,0.06,0.06,,,,,
6522744,0.24,0.18,0.06,,,,,
6528756,0.18,0.31,0.06,,,,,
6534889,0.06,0.24,0.12,,,,,
6540991,0.06,0.24,0.18,,,,,
6547127,0.12,0.18,0.06,,,,,
6555646,0.24,0.18,0,,,,,
6562071,0.24,0.12,0,,,,,
6568180,0.24,0.06,0,,,,,
6574284,0,-0.12,-0.06,,,,,
6580430,-0.12,-0.12,-0.06,,,,,
6588006,-0.06,-0.12,-0.06,,,,,
6594159,0.12,-0.06,0,,,,,
6600285,0.12,0.06,0.06,,,,,
6607358,0.18,0.18,0.18,,,,,
6613481,0.24,0.31,0.12,,,,,
6619967,0.24,0.24,0.06,,,,,
6627498,0.12,0.06,0.06,,,,,
6633634,0,-0.06,0,,,,,
6639780,0,0,0,,,,,
6645920,0.12,0.06,-0.06,,,,,
6652035,0.18,0.24,-0.12,,,,,
6659131,0.12,0.49,-0.18,,,,,
6666678,0.06,0.49,-0.12,,,,,
6672831,0.06,0.37,-0.06,,,,,
6679308,-0.06,0,0.06,,,,,
6685429,0,-0.12,0.12,,,,,
6696180,0.18,-0.06,0.12,,,,,
6702333,0.24,0,0.06,,,,,
6720655,0.12,-0.06,-0.06,,,,,
6726740,0.06,-0.18,-0.06,,,,,
6732823,0,-0.18,0,,,,,
6738893,0.06,0.06,0,,,,,
6744963,0.12,0.12,0,,,,,
6750994,0.24,0.18,0,,,,,
6757858,0.18,0.06,0.06,,,,,
6763935,0.06,-0.12,-0.06,,,,,
6770047,0.06,-0.18,-0.18,,,,,
6776698,0.06,-0.24,-0.12,,,,,
6782773,0.12,-0.18,-0.12,,,,,
6789662,0.12,0,0,,,,,
6795777,0.06,0,-0.06,,,,,
6801869,0,-0.06,-0.06,,,,,
6807868,0,0,-0.06,,,,,
6813992,0.18,0.31,0,,,,,
6820087,0.18,0.24,0,,,,,
6827979,0.18,0.06,0.06,,,,,
6834101,0.18,-0.12,0.06,,,,,
6840237,0.18,-0.12,-0.06,,,,,
6846339,0.06,-0.18,-0.12,,,,,
6852476,0,-0.18,-0.06,,,,,
6858581,-0.12,-0.24,0,,,,,
6865835,-0.06,-0.24,-0.06,,,,,
6871981,0.06,-0.24,-0.12,,,,,
6879081,0.24,-0.24,-0.06,,,,,
6885189,0.24,-0.31,-0.06,,,,,
6891337,0.18,-0.31,0.06,,,,,
6897490,0.06,-0.31,0.12,,,,,
6904430,-0.06,-0.18,0.06,,,,,
6910587,-0.12,-0.18,0.06,,,,,
6916743,0,-0.12,0,,,,,
6922839,0.12,-0.12,0,,,,,
6929007,0.18,-0.12,-0.06,,,,,
6935711,0.12,-0.18,-0.06,,,,,
6942672,0.06,-0.18,0.06,,,,,
6948839,0.06,-0.06,0.06,,,,,
6954982,0.06,0.06,0.06,,,,,
6961119,0.06,0.06,0,,,,,
6967286,0.06,0,0,,,,,
6974230,0,-0.18,-0.06,,,,,
6980313,-0.06,-0.24,-0.06,,,,,
6987036,-0.18,-0.31,0,,,,,
6993211,-0.18,-0.37,0,,,,,
6999360,-0.06,-0.49,0.12,,,,,
7005541,-0.06,-0.61,0.12,,,,,
7012540,0,-0.73,0.12,,,,,
7018728,0.12,-0.92,-0.12,,,,,
7024892,0.18,-0.85,-0.18,,,,,
7031088,0.24,-0.73,-0.18,,,,,
7038175,0.18,-0.55,-0.12,,,,,
7044336,0,-0.49,-0.06,,,,,
7051401,0,-0.79,-0.06,,,,,
7057282,0,-1.22,-0.12,,,,,
7063166,-0.06,-1.71,-0.06,,,,,
7069054,-0.18,-2.32,-0.06,,,,,
7075052,-0.18,-2.32,-0.06,,,,,
7081055,-0.12,-2.2,0,,,,,
7094429,0,-1.4,0,,,,,
7101211,0.12,-0.98,-0.06,,,,,
7107142,0.18,-0.55,0,,,,,
7113070,0.18,-0.18,0.06,,,,,
7118995,0.31,0.55,0.18,,,,,
7126197,0.24,0.79,0.18,,,,,
7132128,0.18,0.79,0.18,,,,,
7138011,0.12,0.67,0.18,,,,,
7143950,0.18,0.43,0.12,,,,,
7150872,0.24,0.31,0.18,,,,,
7157072,0.31,0.18,0.18,,,,,
7164283,0.18,-0.12,0.12,,,,,
7170209,0.18,0,0.18,,,,,
7176133,0.24,0.31,0.24,,,,,
7182067,0.31,0.73,0.24,,,,,
7187999,0.37,1.16,0.12,,,,,
7193932,0.37,1.59,-0.06,,,,,
7202101,0.24,1.59,-0.06,,,,,
7208032,0.12,1.34,0,,,,,
7214267,-0.06,0.37,0.18,,,,,
7220158,-0.12,-0.06,0.18,,,,,
7226102,-0.18,-0.55,0.06,,,,,
7232012,-0.31,-1.04,-0.06,,,,,
7239223,-0.55,-2.14,-0.18,,,,,
7245123,-0.55,-2.69,-0.24,,,,,
7251060,-0.49,-2.75,-0.24,,,,,
7257938,-0.49,-2.14,-0.24,,,,,
7263792,-0.31,0.79,-0.12,,,,,
7269975,-0.24,2.08,-0.06,,,,,
7277095,-0.12,2.56,0.06,,,,,
7282957,-0.06,2.38,0.12,,,,,
7288822,-0.06,0.98,0.18,,,,,
7294692,-0.06,0.12,0.12,,,,,
7300590,-0.06,-0.61,0.06,,,,,
7307793,-0.12,-1.28,0.06,,,,,
7314690,-0.24,-2.08,-0.06,,,,,
7320580,-0.24,-1.89,-0.06,,,,,
7326819,-0.18,-1.4,-0.06,,,,,
7332736,-0.12,-0.67,0,,,,,
7338657,0,0.67,0,,,,,
7345827,0.06,1.28,0,,,,,
7351735,0.12,1.83,-0.06,,,,,
7357654,0.24,2.26,-0.06,,,,,
7363543,0.37,2.14,0,,,,,
7370444,0.37,1.53,0,,,,,
7376362,0.24,0.79,0.06,,,,,
7383972,-0.06,-0.24,0.12,,,,,
7389871,-0.18,-0.55,0.12,,,,,
7395808,-0.18,-0.73,0.18,,,,,
7401746,-0.18,-0.79,0.18,,,,,
7407688,-0.31,-0.79,0.18,,,,,
7413587,-0.31,-0.61,0.18,,,,,
7421777,-0.24,-0.43,0.12,,,,,
7427670,-0.12,-0.31,0.06,,,,,
7433573,-0.06,-0.43,0.06,,,,,
7439810,-0.12,-0.43,0.12,,,,,
7445690,-0.18,-0.31,0.18,,,,,
7452840,-0.92,-0.06,0.12,,,,,
7458718,-4.21,0.24,0.06,,,,,
7464631,-4.76,0.12,0.06,,,,,
7470501,-3.72,0,0.06,,,,,
7477388,-2.08,-0.12,0,,,,,
7483263,-0.73,-0.24,0,,,,,
7490419,0.12,-0.61,-0.06,,,,,
7496673,0,-0.98,-0.12,,,,,
7502592,-0.06,-1.4,-0.06,,,,,
7508512,-0.18,-2.01,0,,,,,
7524556,-2.14,-0.73,0.12,,,,,
7531236,-6.1,0.18,0.06,,,,,
7538069,-10.31,0.73,0,,,,,
7544161,-8.79,0.67,-0.12,,,,,
7550261,-4.64,0.49,-0.12,,,,,
7556345,-1.46,0.31,-0.06,,,,,
7562350,0.12,0.12,0,,,,,
7568451,0.37,-0.18,-0.06,,,,,
7575282,0.12,-0.31,-0.06,,,,,
7582354,-0.06,-0.43,-0.06,,,,,
7588458,-0.06,-0.55,-0.06,,,,,
7594575,-0.06,-0.61,0,,,,,
7600679,-0.06,-0.61,0,,,,,
7607512,-0.18,-0.79,0.12,,,,,
7613611,-0.55,-2.5,0.55,,,,,
7619647,-0.43,-2.81,0.79,,,,,
7625771,-0.12,-2.26,1.22,,,,,
7631899,0.12,-1.71,2.32,,,,,
7638596,0.43,-1.34,4.64,,,,,
7645480,0.55,-1.1,4.33,,,,,
7651576,0.61,-0.92,3.11,,,,,
7657701,0.49,-0.79,1.65,,,,,
7663832,0.06,-0.24,0.37,,,,,
7669968,-0.06,0.24,1.22,,,,,
7676027,-0.18,0.79,2.99,,,,,
7682944,-0.31,1.22,4.82,,,,,
7689647,-1.16,1.53,7.32,,,,,
7695734,-3.48,1.83,6.35,,,,,
7701869,-7.14,2.62,2.99,,,,,
7708007,-10.07,3.91,-1.65,,,,,
7714156,-7.39,7.45,-5.8,,,,,
7721093,-5.07,8.48,-3.97,,,,,
7727244,-4.15,9.09,-1.16,,,,,
7733272,-2.75,6.1,-0.06,,,,,
7739412,-1.22,3.3,-6.1,,,,,
7746146,-0.61,2.5,-14.95,,,,,
7753094,-1.59,4.27,-21.85,,,,,
7759223,-6.1,11.05,-22.95,,,,,
7765386,-6.9,13.06,-20.08,,,,,
7771521,-5.8,13.37,-17.09,,,,,
7777484,-3.42,12.39,-14.53,,,,,
7783455,-0.43,8.18,-9.77,,,,,
7791054,-0.43,5.25,-6.77,,,,,
7798013,-1.22,2.14,-3.54,,,,,
7803992,-3.42,-3.36,2.62,,,,,
7809969,-3.23,-4.64,4.27,,,,,
7815944,-1.83,-4.64,4.39,,,,,
7821928,-0.24,-3.91,3.66,,,,,
7829224,1.46,-2.99,2.75,,,,,
7835203,1.59,-2.75,2.69,,,,,
7841188,1.4,-2.32,2.38,,,,,
7847474,0.98,-1.71,1.83,,,,,
7854404,0.31,0.24,0.55,,,,,
7861715,0.12,1.04,0,,,,,
7867697,-0.06,1.95,-0.73,,,,,
7873657,-0.79,3.11,-2.32,,,,,
7879626,-0.92,2.44,-2.38,,,,,
7885593,-1.1,0.61,-1.53,,,,,
7891595,-4.94,-3.85,1.95,,,,,
7898921,-23.8,-18.19,15.08,,,,,
7906234,-26.43,-21.97,19.1,,,,,
7912237,-20.26,-21.55,19.29,,,,,
7918237,-3.42,-13.79,13.31,,,,,
7924238,0.67,-9.09,9.22,,,,,
7930231,2.14,-4.82,5.13,,,,,
7937553,2.01,-1.77,2.01,,,,,
7943554,0.73,0.79,-0.49,,,,,
7949571,0.31,1.04,-0.49,,,,,
7955590,0.18,0.92,-0.24,,,,,
7962891,0.18,0.43,0.12,,,,,
7968903,0.18,-0.92,0.61,,,,,
7976262,0.18,-1.46,0.61,,,,,
7982255,0.18,-1.77,0.49,,,,,
7988281,0.31,-2.2,0.31,,,,,
7994309,0.43,-2.2,0.37,,,,,
8000335,0.55,-1.95,0.37,,,,,
8007711,0.49,-1.4,0.24,,,,,
8014736,0.12,0.18,-0.31,,,,,
8021102,0,0.73,-0.55,,,,,
8027131,-0.06,0.79,-0.55,,,,,
8033157,-0.06,0.55,-0.49,,,,,
8039193,0.24,-0.18,-0.24,,,,,
8046580,0.43,-0.24,-0.06,,,,,
8052592,0.49,-0.12,0.06,,,,,
8058634,0.55,0.06,0.24,,,,,
8064654,0.85,-0.37,0.43,,,,,
8071694,1.46,-1.28,0.73,,,,,
8078083,2.44,-2.5,1.46,,,,,
8085490,4.21,-4.64,3.85,,,,,
8091545,4.7,-5.43,4.52,,,,,
8097600,5.13,-6.04,4.7,,,,,
8103669,5.62,-6.23,5.43,,,,,
8109736,5.68,-6.23,6.16,,,,,
8115793,5.86,-6.71,6.71,,,,,
8124209,11.11,-8.42,6.47,,,,,
8130264,20.2,-8.67,5.49,,,,,
8136658,33.02,-8.18,4.27,,,,,
8142723,46.51,-7.75,3.11,,,,,
8148792,62.68,-10.93,0.31,,,,,
8156223,63.96,-15.5,-1.83,,,,,
8162294,62.13,-20.94,-3.6,,,,,
8168362,61.71,-28.26,2.26,,,,,
8175418,67.44,-30.27,11.78,,,,,
8181486,73.24,-31.56,24.29,,,,,
8187562,69.4,-29.79,36.74,,,,,
8195333,52.49,-22.09,52.43,,,,,
8201393,48.4,-18.8,54.75,,,,,
8207456,39.67,-13.37,55.36,,,,,
8213529,15.26,0,51.88,,,,,
8219591,13.73,1.95,45.96,,,,,
8226647,18.86,1.65,37.6,,,,,
8234156,34.67,1.71,20.45,,,,,
8240333,38.57,4.09,14.34,,,,,
8246503,37.6,7.87,11.84,,,,,
8252986,34.42,10.38,13.73,,,,,
8259149,29.48,2.14,23.56,,,,,
8265308,28.99,-8.67,26.25,,,,,
8279097,31.25,-36.5,18.19,,,,,
8285690,28.5,-37.66,12.39,,,,,
8291744,23.56,-33.81,3.78,,,,,
8297800,17.76,-25.51,-8.42,,,,,
8303841,9.89,-2.93,-32.41,,,,,
8311244,8.91,6.84,-37.05,,,,,
8317602,8.61,14.77,-37.41,,,,,
8323645,7.63,26.55,-35.64,,,,,
8340152,7.81,40.22,-36.38,,,,,
8345964,8.79,43.03,-36.44,,,,,
8352141,10.07,44.74,-35.46,,,,,
8359136,11.6,44.74,-30.52,,,,,
8365334,11.6,43.33,-27.53,,,,,
8371529,11.72,40.89,-24.72,,,,,
8377726,12.45,37.29,-22.09,,,,,
8383834,13.79,27.71,-18.19,,,,,
8390046,13.61,23.68,-18.01,,,,,
8398018,13.12,20.75,-19.35,,,,,
8404191,13.55,16.6,-24.29,,,,,
8410352,14.04,14.95,-26.86,,,,,
8416529,13.85,14.22,-29.05,,,,,
8422706,12.51,14.71,-30.88,,,,,
8429709,8.91,17.58,-33.39,,,,,
8435899,8.12,18.74,-34.18,,,,,
8442011,8.06,19.35,-34.61,,,,,
8449192,8.85,21.67,-34,,,,,
8455007,9.64,24.29,-33.14,,,,,
8460815,11.41,27.59,-32.1,,,,,
8467863,13.79,30.88,-31.13,,,,,
8473692,18.13,36.19,-29.66,,,,,
8479529,19.47,38.33,-29.17,,,,,
8485360,20.08,40.04,-28.5,,,,,
8491198,20.14,40.71,-27.65,,,,,
8498588,18.07,38.33,-26.25,,,,,
8505406,15.38,36.68,-26.25,,,,,
8511246,11.66,35.89,-26.43,,,,,
8517072,7.08,36.56,-26.73,,,,,
8522897,1.89,38.45,-27.22,,,,,
8528740,-7.69,43.52,-28.08,,,,,
8535800,-10.99,45.41,-28.2,,,,,
8541633,-12.76,46.51,-28.08,,,,,
8547460,-12.88,46.75,-27.53,,,,,
8553611,-8.91,45.78,-23.8,,,,,
8560426,-5.92,45.65,-20.39,,,,,
8567471,-2.81,46.75,-16.54,,,,,
8573303,3.54,53.71,-9.77,,,,,
8579142,6.65,58.59,-7.26,,,,,
8584964,8.97,63.48,-5.07,,,,,
8590784,10.13,67.99,-3.23,,,,,
8596609,9.77,72.45,-1.83,,,,,
8603629,5.62,82.76,0,,,,,
8609743,2.93,88.01,0.55,,,,,
8616522,0.18,92.16,0.79,,,,,
8622715,-2.69,94.67,0.73,,,,,
8628588,-10.07,95.89,0.06,,,,,
8634464,-14.4,96.62,-0.31,,,,,
8641593,-18.13,98.21,-0.37,,,,,
8647474,-20.51,100.4,0,,,,,
8653359,-23.25,102.23,0.98,,,,,
8659248,-25.15,99.06,0.43,,,,,
8665457,-26.43,93.87,-0.18,,,,,
8673590,-22.09,90.76,1.77,,,,,
8679466,-17.64,95.89,3.3,,,,,
8685364,-13.18,103.27,4.15,,,,,
8691259,-9.4,110.29,4.03,,,,,
8701180,-4.88,115.97,2.08,,,,,
8708336,-4.39,109.68,0.06,,,,,
8714244,-4.64,106.51,-1.65,,,,,
8720144,-4.94,105.41,-3.6,,,,,
8727350,-5.37,106.32,-5,,,,,
8733245,-7.51,111.94,-3.54,,,,,
8739155,-9.22,116.39,-0.37,,,,,
8746307,-11.05,121.89,4.03,,,,,
8752195,-12.51,128.05,9.09,,,,,
8758083,-11.6,132.87,13.73,,,,,
8763974,1.34,133.3,18.25,,,,,
8769871,9.4,131.77,18.68,,,,,
8777023,15.69,132.08,19.04,,,,,
8784225,25.39,136.23,20.87,,,,,
8790126,29.79,137.63,22.58,,,,,
8796051,33.33,137.63,23.93,,,,,
8801970,35.28,136.54,23.5,,,,,
8807878,35.03,134.95,21,,,,,
8815098,32.84,141.11,12.39,,,,,
8821035,35.22,154.3,8.73,,,,,
8826966,40.53,172.79,5.92,,,,,
8832895,47.3,192.26,3.78,,,,,
8840130,57.37,222.41,-0.37,,,,,
8847333,58.23,231.81,-3.6,,,,,
8853270,52.61,241.39,-15.2,,,,,
8859243,49.68,242.49,-21.67,,,,,
8865217,47.85,242.13,-27.28,,,,,
8871194,46.39,241.58,-31.92,,,,,
8877154,44.19,242.13,-35.77,,,,,
8884412,33.81,244.81,-38.88,,,,,
8891350,24.11,242.98,-36.87,,,,,
8897616,12.21,235.96,-32.59,,,,,
8903580,-9.89,205.51,-20.32,,,,,
8909541,-16.91,186.16,-13.85,,,,,
8916791,-20.81,167.48,-6.77,,,,,
8922754,-19.35,149.17,5.74,,,,,
8928738,7.26,109.5,50.23,,,,,
8934711,20.45,97.11,66.22,,,,,
8940683,23.38,96.56,68.91,,,,,
8948941,14.65,115.17,51.09,,,,,
8955216,13.85,123.6,39.61,,,,,
8961184,16.17,129.82,28.44,,,,,
8967147,19.29,135.5,17.76,,,,,
8973114,21,142.4,7.93,,,,,
8979073,18.86,161.32,-8.61,,,,,
8986342,18.31,169.43,-15.38,,,,,
8992310,19.23,174.44,-21.61,,,,,
8998282,21.3,180.6,-33.51,,,,,
9005241,22.58,183.78,-38.94,,,,,
9011536,24.54,185.67,-43.76,,,,,
9018829,27.95,183.29,-52,,,,,
9024814,28.99,179.99,-55.42,,,,,
9030804,29.48,176.27,-57.98,,,,,
9036791,28.99,172.36,-59.57,,,,,
9042784,27.53,168.21,-59.63,,,,,
9050090,21.91,158.45,-55.3,,,,,
9057063,17.03,153.08,-52.31,,,,,
9063047,10.07,148.32,-50.11,,,,,
9069360,-5.19,145.2,-49.56,,,,,
9075345,-9.77,147.16,-50.84,,,,,
9081323,-11.05,150.09,-52.55,,,,,
9088647,-4.94,155.33,-56.58,,,,,
9094643,0.98,157.84,-59.08,,,,,
9100637,7.2,160.77,-61.58,,,,,
9106635,12.08,164.49,-63.84,,,,,
9113611,16.72,173.28,-66.59,,,,,
9120930,17.94,177.67,-67.38,,,,,
9127244,18.8,182.19,-68.66,,,,,
9133249,17.15,191.35,-74.71,,,,,
9139254,14.53,195.37,-78.61,,,,,
9153529,15.2,204.71,-96.01,,,,,
9160515,19.04,209.47,-109.07,,,,,
9167272,22.28,215.52,-124.94,,,,,
9173457,22.22,225.71,-153.5,,,,,
9179653,19.65,228.64,-163.21,,,,,
9185850,17.58,230.59,-167.91,,,,,
9191987,17.09,231.69,-165.1,,,,,
9198992,27.28,229.98,-140.81,,,,,
9205188,37.11,227.91,-126.95,,,,,
9211389,41.32,224.12,-115.05,,,,,
9218572,22.58,197.88,-95.83,,,,,
9224762,8.36,178.16,-91.61,,,,,
9231774,-2.38,163.64,-92.65,,,,,
9237968,-7.51,159.48,-98.94,,,,,
9244165,2.81,176.27,-121.15,,,,,
9250314,12.94,188.29,-133.54,,,,,
9256142,22.16,197.75,-144.9,,,,,
9263195,34.79,206.24,-161.93,,,,,
9270008,37.29,207.82,-169.19,,,,,
9275835,36.68,209.41,-176.27,,,,,
9281677,32.9,211.12,-181.7,,,,,
9287518,26.18,212.16,-183.29,,,,,
9293354,9.03,208.56,-180.24,,,,,
9300420,0.98,203.61,-185.67,,,,,
9306599,-6.71,197.45,-200.01,,,,,
9312445,-12.51,191.1,-221.5,,,,,
9318287,-14.77,184.08,-273.8,,,,,
9325118,-8.73,186.4,-295.72,,,,,
9332210,-1.83,193.97,-304.2,,,,,
9338074,-0.31,205.02,-284.61,,,,,
9343937,-13.55,208.37,-117.98,,,,,
9349805,-21.3,192.2,6.16,,,,,
9355669,-26.67,172.79,109.86,,,,,
9363200,-34.06,143.62,183.53,,,,,
9369153,-38.51,129.58,180.6,,,,,
9375111,-41.69,123.05,165.59,,,,,
9382061,-40.71,134.22,132.69,,,,,
9388023,-35.22,159.48,84.17,,,,,
9393983,-22.03,206.6,-22.28,,,,,
9406177,-22.34,212.95,-67.63,,,,,
9412612,-26.31,205.14,-56.76,,,,,
9418496,-33.02,183.78,-3.72,,,,,
9424697,-34.12,174.19,19.04,,,,,
9430582,-33.2,166.26,32.59,,,,,
9438706,-24.96,154.6,35.95,,,,,
9444578,-18.68,151.79,32.17,,,,,
9450459,-11.84,151.92,29.54,,,,,
9456337,-5,154.72,30.64,,,,,
9462214,0.98,159.06,35.89,,,,,
9468095,9.7,169.62,50.96,,,,,
9475237,13.37,176.09,55.97,,,,,
9481444,17.27,183.04,57.74,,,,,
9487340,21.55,189.15,56.21,,,,,
9494217,29.42,194.15,43.7,,,,,
9500109,32.23,192.75,33.33,,,,,
9507270,34,189.88,21.06,,,,,
9513167,33.26,181.88,-3.05,,,,,
9519070,30.33,176.7,-11.41,,,,,
9524974,25.51,170.41,-15.93,,,,,
9530881,19.29,163.45,-17.09,,,,,
9537109,12.7,156.62,-16.36,,,,,
9545267,2.44,146.79,-14.83,,,,,
9551161,-1.53,144.1,-15.81,,,,,
9557065,-6.16,142.82,-18.31,,,,,
9562968,-12.33,142.58,-21.79,,,,,
9568888,-26.37,141.85,-25.27,,,,,
9576070,-31.37,138.98,-23.32,,,,,
9581977,-33.51,133.54,-19.65,,,,,
9587884,-33.2,125.79,-15.63,,,,,
9594106,-26.73,113.46,-8.42,,,,,
9600987,-21.36,118.1,-4.94,,,,,
9608184,-15.01,134.28,1.22,,,,,
9614110,-14.83,132.51,7.14,,,,,
9620037,-14.53,125.73,16.6,,,,,
9625965,-13.06,119.26,25.88,,,,,
9631893,-10.86,116.39,29.91,,,,,
9637824,-9.16,117.31,27.95,,,,,
9645045,-9.22,125.49,19.1,,,,,
9652282,-11.05,132.39,17.64,,,,,
9658213,-14.22,148.68,19.9,,,,,
9664152,-13.49,155.76,21.12,,,,,
9670096,-11.54,161.99,21.73,,,,,
9677324,-9.77,167.72,21.67,,,,,
9683266,-7.2,178.96,18.01,,,,,
9689223,-5.37,186.77,12.88,,,,,
9695179,-2.44,195.37,6.1,,,,,
9701134,1.46,202.15,-0.79,,,,,
9708407,10.5,206.12,-11.9,,,,,
9715658,14.83,206.3,-16.72,,,,,
9721620,18.92,207.03,-21.42,,,,,
9727585,21.91,207.15,-25.82,,,,,
9733539,24.66,196.47,-33.26,,,,,
9739493,26.98,185.49,-37.96,,,,,
9745445,30.94,174.5,-43.64,,,,,
9752712,35.4,165.77,-49.13,,,,,
9759657,40.65,152.4,-50.72,,,,,
9765929,41.02,143.19,-45.65,,,,,
9771904,40.71,129.82,-39.06,,,,,
9777871,40.1,113.65,-33.45,,,,,
9785154,37.9,83.68,-31.8,,,,,
9791133,35.4,76.9,-34.55,,,,,
9797112,31.19,77.7,-36.62,,,,,
9803086,22.46,86.73,-37.48,,,,,
9809064,19.84,87.95,-37.23,,,,,
9816043,18.43,86.43,-37.78,,,,,
9823703,18.13,84.35,-43.7,,,,,
9829726,18.98,87.59,-50.11,,,,,
9835748,19.9,94.12,-58.65,,,,,
9841772,19.96,103.15,-68.12,,,,,
9847798,18.55,113.4,-77.27,,,,,
9855157,11.35,133.06,-89.17,,,,,
9861153,6.84,140.01,-91.06,,,,,
9868138,-0.79,143.01,-88.13,,,,,
9874131,-2.93,138.85,-84.84,,,,,
9880453,-3.66,132.08,-81.91,,,,,
9886452,-3.91,124.33,-80.26,,,,,
9893732,-5.86,109.99,-81.67,,,,,
9899719,-6.04,104.74,-85.39,,,,,
9905697,-5.13,102.23,-92.04,,,,,
9911712,-4.46,104.19,-102.23,,,,,
9917732,-4.94,110.96,-115.97,,,,,
9926046,-11.47,134.03,-150.33,,,,,
9932057,-18.74,146.24,-170.04,,,,,
9938387,-33.63,164.31,-204.71,,,,,
9944372,-38.88,168.82,-213.26,,,,,
9959854,-43.95,165.77,-194.27,,,,,
9966022,-42.48,161.87,-179.38,,,,,
9972976,-40.89,159.73,-170.1,,,,,
9979717,-34.36,160.89,-170.23,,,,,
9985894,-29.66,162.17,-171.81,,,,,
9992075,-25.02,163.76,-172.36,,,,,
9998229,-15.81,171.63,-174.5,,,,,
10005504,-10.5,179.87,-179.08,,,,,
10011669,-3.6,191.47,-187.19,,,,,
10017829,4.52,205.81,-197.88,,,,,
10023988,19.96,230.04,-208.19,,,,,
10030720,23.19,236.88,-197.69,,,,,
10037688,18.31,241.7,-178.83,,,,,
10043859,-14.1,247.44,-146.24,,,,,
10050035,-25.7,245.48,-139.95,,,,,
10056211,-27.34,239.2,-133.91,,,,,
10062287,-22.16,229.98,-122.86,,,,,
10068452,-20.81,214.6,-95.09,,,,,
10075431,-28.81,206.24,-90.15,,,,,
10082175,-35.03,192.63,-89.54,,,,,
10088339,-28.2,158.33,-87.4,,,,,
10094509,-20.26,145.81,-88.75,,,,,
10100686,-12.94,138,-93.57,,,,,
10107674,-7.51,132.75,-99.85,,,,,
10113848,-2.38,122.07,-108.95,,,,,
10119940,-0.43,116.58,-112.49,,,,,
10126125,1.89,114.07,-117.31,,,,,
10133288,5.43,125.67,-131.04,,,,,
10139465,5.37,136.41,-136.05,,,,,
10146461,3.78,144.41,-135.99,,,,,
10152653,1.1,145.94,-129.94,,,,,
10158848,-8.06,126.46,-109.19,,,,,
10165046,-15.14,117.19,-97.29,,,,,
10171238,-17.88,124.33,-82.09,,,,,
10178581,9.52,182.07,-48.34,,,,,
10185351,25.63,205.81,-38.82,,,,,
10191546,27.04,216.74,-36.68,,,,,
10197751,15.08,217.71,-41.2,,,,,
10203961,-2.62,207.82,-52.55,,,,,
10210167,5.49,205.2,-46.33,,,,,
10217204,19.65,209.29,-28.87,,,,,
10223021,39.73,251.59,13.85,,,,,
10228838,47.85,285.95,30.52,,,,,
10235003,55.54,319.15,47.3,,,,,
10241809,60.36,341,65.61,,,,,
10248868,47.73,324.77,88.07,,,,,
10254699,38.94,277.4,94.18,,,,,
10260529,33.81,205.93,106.57,,,,,
10266360,29.6,122.44,128.54,,,,,
10272196,20.39,47.12,150.02,,,,,
10279276,-3.54,-12.57,150.21,,,,,
10285112,-6.65,8,131.71,,,,,
10291264,-1.59,47.18,113.04,,,,,
10298090,20.32,119.63,90.82,,,,,
10303930,30.4,132.63,87.95,,,,,
10309778,36.74,127.08,89.9,,,,,
10316874,38.64,107.97,93.75,,,,,
10322724,37.23,82.89,95.15,,,,,
10328573,33.2,44.86,82.46,,,,,
10334417,32.35,38.64,69.82,,,,,
10340265,31.8,39,55.3,,,,,
10347689,32.23,42.54,39.86,,,,,
10354528,39.55,57.62,6.53,,,,,
10360373,42.54,68.91,-10.25,,,,,
10366237,42.24,78.74,-23.19,,,,,
10372096,38.02,85.08,-30.4,,,,,
10377959,30.94,89.05,-32.53,,,,,
10385237,9.28,95.34,-24.48,,,,,
10391254,-3.48,95.34,-12.94,,,,,
10397278,-16.97,90.15,2.08,,,,,
10403611,-40.34,60.85,34.55,,,,,
10410623,-46.02,41.63,47,,,,,
10417981,-47.61,25.33,51.03,,,,,
10424007,-42.66,15.26,25.45,,,,,
10430037,-32.47,26.43,7.32,,,,,
10436068,-12.39,50.6,-1.28,,,,,
10442099,15.63,83.74,2.32,,,,,
10448133,54.32,128.91,19.17,,,,,
10455515,50.42,125.49,20.45,,,,,
10462874,35.52,109.44,17.27,,,,,
10468912,6.23,75.5,11.23,,,,,
10474982,-0.24,67.08,10.99,,,,,
10481055,-2.99,62.74,10.68,,,,,
10488559,-6.29,56.52,2.62,,,,,
10494725,-6.35,51.94,-2.93,,,,,
10500889,-2.44,42.66,0.49,,,,,
10507052,1.89,30.4,14.28,,,,,
10514199,-2.01,21.18,26.18,,,,,
10520689,-6.29,28.5,9.46,,,,,
10533589,4.7,46.02,-18.86,,,,,
10540243,11.72,50.42,-15.69,,,,,
10546340,20.02,56.09,-15.38,,,,,
10552433,28.69,61.34,-19.9,,,,,
10558530,38.39,65.19,-29.66,,,,,
10566979,37.17,64.21,-27.4,,,,,
10573074,27.47,58.35,-14.77,,,,,
10579180,22.16,53.89,-13.37,,,,,
10585614,16.66,49.5,-18.31,,,,,
10591726,10.86,45.53,-27.28,,,,,
10597848,4.76,42.05,-36.32,,,,,
10605326,-5.25,37.72,-47.3,,,,,
10611434,-13.06,36.99,-48.83,,,,,
10618529,-35.22,26.73,-49.26,,,,,
10624648,-39.31,17.7,-53.53,,,,,
10630778,-34.91,11.84,-58.78,,,,,
10638278,-10.38,15.93,-54.93,,,,,
10644722,4.82,22.16,-46.26,,,,,
10650852,18.92,28.93,-36.07,,,,,
10656982,29.17,36.19,-26.98,,,,,
10663108,31.19,49.62,-19.84,,,,,
10670374,21.12,51.21,-22.52,,,,,
10678104,-23.13,37.72,-32.04,,,,,
10684394,-53.47,24.48,-35.34,,,,,
10690682,-84.66,10.01,-36.19,,,,,
10696975,-114.07,-2.81,-33.51,,,,,
10708180,-173.4,-21.42,-9.58,,,,,
10715936,-180.73,-25.51,-1.65,,,,,
10723253,-170.17,-33.87,8.24,,,,,
10729584,-149.48,-31.62,11.05,,,,,
10735938,-118.96,-12.21,15.32,,,,,
10742287,-79.9,30.4,18.01,,,,,
10750025,-9.46,135.62,-2.81,,,,,
10756306,-0.49,157.78,-25.63,,,,,
10762591,-12.39,154.05,-47.42,,,,,
10769219,-61.58,119.63,-70.8,,,,,
10785989,-95.15,97.53,-67.14,,,,,
10792047,-98.57,99.61,-62.44,,,,,
10799439,-117.86,108.52,-51.27,,,,,
10805508,-133.06,112.79,-45.53,,,,,
10811579,-150.09,118.04,-43.03,,,,,
10817658,-169.19,126.83,-46.88,,,,,
10823727,-199.71,156.74,-68.12,,,,,
10831143,-197.88,172.18,-75.13,,,,,
10838523,-152.22,187.44,-67.69,,,,,
10844581,-125.43,180.79,-56.27,,,,,
10850655,-104.49,166.2,-44.07,,,,,
10856736,-87.65,150.7,-32.9,,,,,
10872721,-26,143.37,-7.51,,,,,
10879582,32.59,151.73,-2.87,,,,,
10885687,66.71,159.12,-3.42,,,,,
10892363,97.66,165.65,-4.94,,,,,
10898462,125.61,158.94,-10.62,,,,,
10904493,120,146.3,-16.17,,,,,
10911364,105.47,133.73,-21.73,,,,,
10917476,87.34,125.67,-25.7,,,,,
10923592,67.87,126.77,-29.36,,,,,
10929723,79.1,134.09,-31.8,,,,,
10935860,96.19,140.62,-34.24,,,,,
10943749,93.51,131.59,-35.83,,,,,
10949876,67.44,115.97,-36.93,,,,,
10956010,32.78,97.6,-39.86,,,,,
10962072,-0.43,79.47,-43.58,,,,,
10968210,-36.8,52.73,-48.58,,,,,
10974352,-39.43,46.88,-49.32,,,,,
10981275,-36.8,45.29,-49.07,,,,,
10987424,-32.41,45.78,-48.1,,,,,
10993572,-25.45,46.08,-46.2,,,,,
11000299,-24.35,45.84,-46.51,,,,,
11006443,-24.35,46.33,-47.85,,,,,
11013377,-23.5,50.42,-52.25,,,,,
11019446,-21.79,53.16,-53.59,,,,,
11025606,-19.84,55.42,-53.71,,,,,
11031769,-17.58,56.76,-52.61,,,,,
11037937,-10.44,56.88,-48.58,,,,,
11044095,-5.13,56.4,-46.26,,,,,
11052023,0.31,56.15,-44.25,,,,,
11058168,7.2,57.01,-42.24,,,,,
11064333,8,58.35,-42.11,,,,,
11070490,7.69,59.57,-42.24,,,,,
11076567,6.47,59.08,-42.18,,,,,
11083526,0.18,47.24,-37.96,,,,,
11089686,-5.19,36.8,-33.14,,,,,
11095842,-11.23,26.37,-27.22,,,,,
11102018,-15.93,18.01,-21.36,,,,,
11108768,-15.87,9.03,-12.02,,,,,
11114935,-10.99,6.9,-8.73,,,,,
11121908,-4.82,5.55,-5.86,,,,,
11128086,5.25,5.43,-0.06,,,,,
11134174,7.39,6.41,2.14,,,,,
11140350,7.32,7.39,2.99,,,,,
11146525,5.55,8.12,2.38,,,,,
11152696,2.87,8.85,0.79,,,,,
11160662,-2.44,10.56,-3.78,,,,,
11166832,-4.03,11.78,-6.29,,,,,
11173011,-5.07,15.14,-10.68,,,,,
11179191,-5.31,16.97,-12.27,,,,,
11185375,-5.49,18.55,-13.43,,,,,
11192700,-5.43,19.53,-14.34,,,,,
11198894,-4.46,18.92,-15.2,,,,,
11205090,-3.54,17.52,-15.08,,,,,
11211863,-2.5,15.63,-14.65,,,,,
11218057,-1.22,10.99,-12.39,,,,,
11223962,-1.16,8.67,-10.19,,,,,
11231143,-1.4,6.29,-7.51,,,,,
11237049,-2.08,4.09,-5.25,,,,,
11242954,-4.39,2.38,-4.15,,,,,
11249176,-6.23,3.36,-5.31,,,,,
11255090,-8.73,4.52,-7.39,,,,,
11261000,-12.21,5.13,-10.07,,,,,
11269182,-21.73,5.25,-17.15,,,,,
11275096,-28.2,6.29,-21.3,,,,,
11281017,-36.19,8.91,-25.39,,,,,
11286935,-43.76,13.37,-28.81,,,,,
11292860,-47.85,18.86,-30.88,,,,,
11300075,-43.7,27.28,-30.64,,,,,
11306322,-39.25,28.63,-29.42,,,,,
11312253,-35.58,28.87,-27.89,,,,,
11318187,-34.3,26.92,-23.25,,,,,
11325104,-35.46,24.11,-19.71,,,,,
11331034,-36.19,19.9,-15.93,,,,,
11338267,-33.63,8.12,-9.28,,,,,
11344209,-30.7,2.81,-7.32,,,,,
11350147,-27.71,0.06,-6.84,,,,,
11356072,-25.57,0.55,-7.39,,,,,
11362323,-24.9,3.36,-7.87,,,,,
11369529,-26.18,8.85,-6.96,,,,,
11376431,-26.92,9.09,-6.47,,,,,
11382334,-27.59,7.63,-6.96,,,,,
11388246,-27.65,2.93,-9.34,,,,,
11394167,-26,0.79,-9.52,,,,,
11400089,-23.19,-0.49,-8.97,,,,,
11407289,-19.65,-0.24,-8.54,,,,,
11413205,-11.11,3.97,-8.36,,,,,
11419444,-5.74,5.74,-7.63,,,,,
11425366,0.61,5.8,-6.04,,,,,
11432266,7.32,3.91,-3.85,,,,,
11438186,15.26,-2.87,-0.43,,,,,
11445398,14.95,-6.41,0.18,,,,,
11451323,12.08,-10.13,0.24,,,,,
11457259,7.87,-13.61,-0.37,,,,,
11463198,0.73,-15.63,-5.98,,,,,
11469135,-1.22,-12.76,-10.5,,,,,
11476698,-2.81,-8.06,-13.98,,,,,
11483630,-6.23,0.98,-15.5,,,,,
11489535,-8.12,2.99,-14.89,,,,,
11495485,-9.58,3.72,-14.34,,,,,
11501441,-9.95,4.52,-14.1,,,,,
11507385,-9.03,6.29,-14.04,,,,,
11514602,-5.62,11.23,-12.33,,,,,
11520515,-4.39,12.57,-10.13,,,,,
11526469,-3.54,12.51,-7.14,,,,,
11532755,-2.62,11.66,-4.27,,,,,
11539662,0.85,9.03,-0.92,,,,,
11546882,4.09,7.57,-0.06,,,,,
11552805,8,5.86,0.67,,,,,
11558730,14.71,2.26,2.26,,,,,
11564655,15.2,0.31,3.48,,,,,
11570584,12.82,-1.83,5.43,,,,,
11576510,8.67,-4.03,7.93,,,,,
11583754,3.36,-5.86,10.56,,,,,
11591006,3.54,-5.37,10.25,,,,,
11596890,4.7,-4.21,9.46,,,,,
11602836,6.1,-2.87,8.85,,,,,
11608747,9.28,-1.22,7.57,,,,,
11614704,11.41,-0.37,6.35,,,,,
11621896,13.92,1.53,4.46,,,,,
11627814,16.72,4.94,1.77,,,,,
11633738,26.31,12.76,-3.36,,,,,
11639703,32.78,14.34,-4.09,,,,,
11646919,38.64,14.4,-3.05,,,,,
11654186,47.49,14.47,2.5,,,,,
11660220,52.37,13,4.21,,,,,
11666217,58.35,8.97,4.52,,,,,
11672216,64.58,3.91,4.27,,,,,
11686342,76.6,4.03,10.93,,,,,
11692507,79.96,5.92,12.45,,,,,
11705123,95.58,2.81,17.58,,,,,
11711360,100.59,2.69,21.3,,,,,
11717381,105.35,4.09,26.18,,,,,
11723477,112.49,8.18,36.38,,,,,
11729585,112.67,9.34,40.04,,,,,
11735700,110.47,10.07,42.18,,,,,
11742583,107.48,10.5,43.03,,,,,
11748701,106.45,7.02,41.32,,,,,
11754820,110.78,1.77,37.84,,,,,
11761512,118.1,-5.31,32.04,,,,,
11767614,127.14,-13.31,24.96,,,,,
11774858,141.36,-26.79,14.47,,,,,
11780976,143.31,-30.58,12.57,,,,,
11787090,141.91,-32.29,12.51,,,,,
11793205,133.42,-33.57,13,,,,,
11799324,127.62,-35.4,10.86,,,,,
11805445,122.25,-38.15,8.12,,,,,
11813336,128.54,-48.4,15.69,,,,,
11819462,133.85,-54.02,20.87,,,,,
11825597,129.52,-55.48,17.76,,,,,
11831654,115.6,-51.27,5.62,,,,,
11837793,98.51,-43.52,-9.28,,,,,
11844716,72.45,-28.08,-27.28,,,,,
11850864,65.98,-22.89,-29.05,,,,,
11857017,63.29,-19.29,-28.5,,,,,
11863167,64.09,-16.6,-25.09,,,,,
11869891,64.21,-17.82,-23.32,,,,,
11876034,63.17,-20.45,-21.85,,,,,
11882966,58.72,-25.02,-19.9,,,,,
11889037,55.85,-24.84,-19.65,,,,,
11895195,52.8,-22.77,-20.08,,,,,
11901358,50.48,-19.53,-20.94,,,,,
11907526,49.8,-16.17,-22.09,,,,,
11914484,53.77,-12.45,-23.99,,,,,
11921330,57.74,-12.02,-24.35,,,,,
11927288,61.95,-12.15,-24.48,,,,,
11933258,67.75,-14.59,-25.33,,,,,
11939215,68.79,-17.21,-25.88,,,,,
11945505,68.91,-19.53,-25.94,,,,,
11952776,68.12,-20.14,-25.45,,,,,
11958744,64.39,-15.26,-22.95,,,,,
11964724,61.58,-11.66,-21.55,,,,,
11970697,58.35,-8.61,-20.57,,,,,
11977660,55.3,-6.23,-19.9,,,,,
11984943,53.22,-3.97,-18.62,,,,,
11990922,54.93,-4.21,-18.01,,,,,
11996906,57.98,-5.62,-17.58,,,,,
12003212,64.94,-10.99,-16.54,,,,,
12009207,67.63,-13.98,-15.14,,,,,
12015206,69.15,-16.3,-13.37,,,,,
12022521,69.03,-17.46,-11.47,,,,,
12029505,59.33,-20.45,-1.1,,,,,
12035494,52,-24.72,10.99,,,,,
12041496,46.57,-29.6,24.9,,,,,
12047500,44.86,-31.98,35.03,,,,,
12053504,52.37,-25.94,38.45,,,,,
12061154,59.08,-20.87,35.89,,,,,
12067176,65.86,-18.43,34.73,,,,,
12073197,106.99,-25.39,29.48,,,,,
12079220,140.93,-29.66,20.69,,,,,
12086225,169.13,-30.46,10.56,,,,,
12093568,192.99,-28.2,-0.06,,,,,
12099597,197.81,-31.01,-0.18,,,,,
12105629,201.17,-37.11,1.1,,,,,
12111663,202.7,-43.88,2.38,,,,,
12118031,200.07,-52.37,3.48,,,,,
12124066,199.65,-54.63,5.13,,,,,
12131433,200.5,-55.79,7.63,,,,,
12138452,205.69,-52.06,10.5,,,,,
12144487,208.98,-47.24,9.64,,,,,
12150529,212.65,-41.93,8,,,,,
12156572,216.67,-36.8,6.1,,,,,
12163961,219.36,-24.41,2.99,,,,,
12170010,212.22,-14.89,1.53,,,,,
12176386,199.65,-4.39,3.17,,,,,
12182438,194.27,1.95,17.82,,,,,
12189476,235.41,-8.73,86.85,,,,,
12195527,256.59,-11.96,105.59,,,,,
12202936,222.05,20.02,58.35,,,,,
12209000,188.23,40.83,25.63,,,,,
12215071,170.17,52.25,14.47,,,,,
12221142,174.44,53.65,32.78,,,,,
12227219,196.41,48.28,75.44,,,,,
12234962,252.56,28.56,170.35,,,,,
12242023,261.05,22.89,193.42,,,,,
12248096,218.38,27.83,184.88,,,,,
12254175,188.35,28.26,180.79,,,,,
12260258,168.21,18.98,196.17,,,,,
12266343,162.23,-2.26,230.47,,,,,
12273788,172.06,-51.76,301.76,,,,,
12279880,180.91,-68.54,314.45,,,,,
12285973,189.33,-77.45,304.14,,,,,
12293370,195.62,-67.69,220.7,,,,,
12299453,190.8,-50.48,156.86,,,,,
12306911,182.07,-29.79,87.28,,,,,
12313014,161.56,2.26,-33.14,,,,,
12319115,153.32,5.55,-66.96,,,,,
12325218,147.46,-0.67,-77.76,,,,,
12331316,146.85,-15.26,-66.96,,,,,
12338786,160.77,-52.61,-7.57,,,,,
12345875,169.43,-66.83,23.62,,,,,
12352289,176.15,-75.56,46.51,,,,,
12358399,178.71,-83.37,55.3,,,,,
12364504,173.22,-86.91,41.75,,,,,
12370619,162.78,-90.64,20.08,,,,,
12378088,133.3,-94.54,-28.81,,,,,
12384168,121.34,-92.9,-45.59,,,,,
12390275,115.17,-87.89,-53.22,,,,,
12397360,114.26,-79.41,-53.1,,,,,
12403459,123.17,-59.39,-44.86,,,,,
12411240,130.8,-51.64,-42.72,,,,,
12417333,139.53,-45.78,-43.52,,,,,
12423428,153.14,-35.22,-55.91,,,,,
12429515,155.27,-27.83,-68.05,,,,,
12435610,155.4,-19.35,-82.89,,,,,
12441713,156.07,-11.41,-98.51,,,,,
12450160,164.98,-3.23,-122.44,,,,,
12456251,169.56,-1.53,-125.55,,,,,
12462344,169.92,0.79,-120.12,,,,,
12468755,158.45,10.07,-82.4,,,,,
12474862,150.82,15.26,-53.47,,,,,
12482289,144.29,18.55,-22.77,,,,,
12488392,141.3,16.05,25.57,,,,,
12504790,145.63,14.16,30.58,,,,,
12510986,142.52,20.32,20.69,,,,,
12516818,138.37,26.98,12.39,,,,,
12523029,136.05,37.17,11.17,,,,,
12530046,139.89,41.02,16.91,,,,,
12536170,144.84,43.4,22.83,,,,,
12541982,147.95,42.66,24.72,,,,,
12547791,148.74,39.06,21.67,,,,,
12553599,139.71,30.7,12.88,,,,,
12561611,131.77,28.87,15.2,,,,,
12567419,125.31,29.24,23.93,,,,,
12573240,138.37,29.42,58.29,,,,,
12579062,159,25.76,75.62,,,,,
12584885,173.1,25.27,83.68,,,,,
12592284,170.53,32.1,80.32,,,,,
12598120,142.27,45.72,64.7,,,,,
12603961,134.58,42.72,61.28,,,,,
12609793,133.06,35.95,57.68,,,,,
12616608,136.41,29.24,50.54,,,,,
12622446,141.91,23.8,40.1,,,,,
12629513,145.14,18.49,15.01,,,,,
12635349,141.54,20.32,3.6,,,,,
12641190,137.27,26.49,-4.33,,,,,
12647344,133.06,36.01,-7.08,,,,,
12653195,128.42,51.21,1.53,,,,,
12660276,128.72,50.72,7.81,,,,,
12666129,130.74,46.02,12.02,,,,,
12672976,141.85,34.48,13.43,,,,,
12678833,149.9,29.79,11.6,,,,,
12684681,158.08,25.21,9.22,,,,,
12690542,165.53,19.65,8,,,,,
12697623,172.06,13.37,8.91,,,,,
12703848,171.75,8.91,10.13,,,,,
12714180,154.11,19.35,8.06,,,,,
12720046,149.29,24.41,10.07,,,,,
12726890,152.16,25.33,15.26,,,,,
12733968,174.01,17.15,29.91,,,,,
12739812,181.95,14.04,34,,,,,
12745669,182.43,12.7,34.06,,,,,
12751505,176.45,11.41,31.98,,,,,
12757333,167.66,9.28,31.01,,,,,
12764739,155.58,10.99,38.21,,,,,
12770574,151.18,17.7,44.8,,,,,
12776430,145.57,25.76,50.54,,,,,
12783290,133.12,35.89,57.74,,,,,
12789167,129.7,39.37,61.89,,,,,
12795054,129.09,43.15,67.32,,,,,
12802284,130.49,46.94,73.43,,,,,
12808263,136.6,46.57,82.46,,,,,
12814245,142.64,38.57,83.98,,,,,
12820545,151.49,24.96,83.13,,,,,
12826543,163.51,7.57,79.96,,,,,
12839833,202.94,-49.74,66.1,,,,,
12846294,209.53,-64.64,61.89,,,,,
12852204,208.13,-74.34,57.07,,,,,
12858117,175.6,-74.46,48.58,,,,,
12864035,149.54,-64.88,47.42,,,,,
12871217,122.38,-48.83,49.93,,,,,
12877133,96.92,-26.86,55.79,,,,,
12883367,57.98,21.79,73.18,,,,,
12889276,46.88,39.49,83.37,,,,,
12896150,39.12,51.03,96.07,,,,,
12902066,33.57,57.68,111.33,,,,,
12909260,32.53,65.37,145.39,,,,,
12915158,45.04,63.78,158.14,,,,,
12921078,77.39,47.42,161.25,,,,,
12926994,131.65,17.46,153.2,,,,,
12932949,234.56,-28.32,108.28,,,,,
12940527,252.87,-28.75,74.89,,,,,
12947481,258.42,-28.14,38.21,,,,,
12953438,282.47,-72.69,-19.84,,,,,
12959408,302.06,-114.69,-28.26,,,,,
12965377,317.14,-151.92,-21.36,,,,,
12972644,321.78,-172.67,-5.37,,,,,
12978614,298.34,-158.08,24.72,,,,,
12984591,279.24,-134.58,31.8,,,,,
12990569,260.07,-110.78,33.45,,,,,
12996887,242.19,-91.25,31.68,,,,,
13003852,201.97,-56.95,40.16,,,,,
13011131,170.72,-38.02,67.2,,,,,
13017119,138.43,-22.77,109.37,,,,,
13023110,112.61,-14.4,172,,,,,
13029106,111.88,-15.69,168.82,,,,,
13035103,111.27,-18.74,147.83,,,,,
13042396,109.8,-23.19,125,,,,,
13048391,115.48,-37.23,127.38,,,,,
13055682,123.35,-46.45,150.45,,,,,
13061657,127.75,-54.02,172.18,,,,,
13067645,125.55,-57.43,183.72,,,,,
13074930,110.47,-55.05,172.3,,,,,
13080916,97.47,-49.01,148.13,,,,,
13086900,77.09,-35.77,111.27,,,,,
13092891,36.32,7.32,26.86,,,,,
13098868,30.33,26.92,-0.73,,,,,
13104854,35.16,41.26,-13.18,,,,,
13113455,60.24,54.08,-9.7,,,,,
13119421,73.43,52.25,-5.25,,,,,
13125403,84.29,45.41,-2.99,,,,,
13131384,92.77,34.12,-2.44,,,,,
13137370,100.65,19.53,-1.28,,,,,
13144671,120,-11.17,10.93,,,,,
13150677,129.82,-23.62,21.55,,,,,
13156687,136.84,-33.81,32.1,,,,,
13162701,142.94,-42.05,41.63,,,,,
13170031,160.03,-53.96,60.85,,,,,
13177340,168.21,-56.82,72.57,,,,,
13183353,171.57,-51.76,101.5,,,,,
13189370,167.18,-44.19,115.72,,,,,
13195389,166.08,-37.48,128.23,,,,,
13201404,176.21,-37.48,137.88,,,,,
13207422,194.64,-43.64,142.03,,,,,
13214770,212.89,-51.33,122.99,,,,,
13221781,201.97,-46.57,105.04,,,,,
13228127,166.02,-32.96,78.37,,,,,
13234160,151.67,-27.95,71.41,,,,,
13240194,142.33,-24.05,66.77,,,,,
13247539,137.39,-20.75,63.54,,,,,
13253572,136.35,-16.54,60.67,,,,,
13259610,138.92,-16.05,60.49,,,,,
13265650,143.43,-16.42,59.2,,,,,
13271696,149.48,-17.09,55.36,,,,,
13280054,163.64,-19.78,42.85,,,,,
13286412,168.7,-22.58,38.82,,,,,
13292454,171.14,-26,38.27,,,,,
13298499,176.21,-28.63,44.13,,,,,
13313922,211.24,-25.45,41.81,,,,,
13319735,216.37,-29.66,48.46,,,,,
13326758,210.69,-33.02,61.95,,,,,
13333552,190.31,-30.52,87.65,,,,,
13339365,185,-27.77,95.15,,,,,
13345188,183.17,-24.6,99.37,,,,,
13351333,184.08,-20.63,99.85,,,,,
13358374,195.19,-13.24,90.09,,,,,
13364194,202.45,-11.66,80.51,,,,,
13370021,206.48,-10.56,70.68,,,,,
13375854,205.81,-10.38,63.96,,,,,
13381693,203.67,-12.7,62.13,,,,,
13389730,202.82,-34.3,67.32,,,,,
13395559,202.45,-51.27,70.19,,,,,
13401390,201.05,-66.77,71.9,,,,,
13407557,199.89,-77.58,72.63,,,,,
13413395,200.56,-91.98,70.37,,,,,
13420461,202.27,-101.81,67.14,,,,,
13426302,205.87,-113.04,63.66,,,,,
13432150,212.22,-122.56,60.91,,,,,
13438004,228.76,-129.52,59.33,,,,,
13444838,231.08,-129.88,60.42,,,,,
13450689,225.1,-130.74,61.71,,,,,
13457777,198.24,-129.7,57.37,,,,,
13463958,190.06,-125.43,49.38,,,,,
13469820,190.73,-119.93,38.94,,,,,
13475682,198.61,-115.6,28.56,,,,,
13481549,209.66,-113.65,20.94,,,,,
13488656,229.49,-115.36,14.95,,,,,
13494526,235.53,-117.07,14.04,,,,,
13501370,239.26,-118.47,12.63,,,,,
13507237,241.46,-119.57,10.13,,,,,
13513113,245.61,-120.73,2.38,,,,,
13520553,248.96,-121.03,-1.71,,,,,
13526431,252.62,-121.34,-5.19,,,,,
13532313,255.62,-121.46,-8.24,,,,,
13538195,257.57,-119.14,-13.31,,,,,
13544083,255.55,-115.66,-14.83,,,,,
13551215,251.28,-110.29,-15.14,,,,,
13558087,237.73,-96.19,-11.66,,,,,
13563966,229.61,-89.11,-8.54,,,,,
13569854,222.17,-81.91,-5.13,,,,,
13576088,216.92,-74.83,-0.85,,,,,
13581987,215.88,-69.27,4.7,,,,,
13589125,230.29,-68.05,19.1,,,,,
13595026,242.07,-70.98,27.04,,,,,
13600919,251.95,-73.97,34.67,,,,,
13606801,256.77,-75.93,41.44,,,,,
13613668,246.83,-72.81,47.06,,,,,
13620817,232.85,-67.32,44.43,,,,,
13626722,215.27,-60.42,38.82,,,,,
13632972,182.13,-47.12,24.17,,,,,
13638866,172.06,-41.93,17.82,,,,,
13644763,166.75,-38.39,13.55,,,,,
13651926,164.43,-36.07,11.72,,,,,
13657824,162.35,-32.53,15.81,,,,,
13664709,160.95,-31.43,22.58,,,,,
13670609,158.57,-31.56,31.07,,,,,
13676516,154.66,-31.98,38.45,,,,,
13682415,149.41,-31.13,42.91,,,,,
13689933,142.64,-24.72,43.7,,,,,
13695854,145.14,-21.06,41.99,,,,,
13701773,150.39,-17.76,39.73,,,,,
13707696,152.04,-19.65,40.16,,,,,
13713618,138.79,-35.03,54.14,,,,,
13721785,128.72,-33.87,55.42,,,,,
13727706,97.84,-37.48,47.97,,,,,
13733614,81.12,-51.45,51.51,,,,,
13739529,74.58,-54.63,52.55,,,,,
13745761,81.05,-36.56,41.81,,,,,
13751682,94.79,-4.7,19.35,,,,,
13758879,106.2,32.29,-16.66,,,,,
13764804,100.59,26.43,-15.99,,,,,
13770736,94.73,14.77,-7.51,,,,,
13777651,93.14,5.49,1.53,,,,,
13783572,95.4,0.43,7.51,,,,,
13790785,92.22,1.22,6.47,,,,,
13796716,84.9,2.62,5.98,,,,,
13802984,67.5,8,7.39,,,,,
13808914,59.45,12.88,7.02,,,,,
13814854,51.64,19.04,7.14,,,,,
13820798,45.17,24.54,10.74,,,,,
13829021,47.42,24.41,29.48,,,,,
13834960,54.38,17.88,38.09,,,,,
13840905,61.65,9.28,42.91,,,,,
13846854,67.57,0.37,44.49,,,,,
13852805,74.71,-16.66,44.31,,,,,
13860379,77.82,-24.41,43.95,,,,,
13866326,81.48,-31.37,43.27,,,,,
13872280,85.08,-36.74,42.42,,,,,
13878237,87.95,-39.67,39.98,,,,,
13885175,86.12,-36.44,38.02,,,,,
13891132,83.01,-31.43,35.71,,,,,
13898467,78.25,-21.42,28.02,,,,,
13904501,78.67,-15.93,20.02,,,,,
13910537,80.75,-10.19,11.17,,,,,
13916907,83.56,-6.35,5.62,,,,,
13922944,86.91,-7.26,5.19,,,,,
13936491,83.07,-12.08,6.16,,,,,
13943000,76.66,-16.54,5,,,,,
13948961,73.36,-18.19,4.58,,,,,
13954923,68.91,-18.13,4.15,,,,,
13960923,63.48,-15.69,2.87,,,,,
13966920,58.23,-11.6,1.22,,,,,
13974248,54.38,-3.97,0.79,,,,,
13980562,55.6,-0.73,0.98,,,,,
13987539,56.27,2.75,-0.49,,,,,
13993531,50.9,10.38,-7.69,,,,,
13999534,46.51,12.88,-10.99,,,,,
14006877,43.76,13.67,-12.45,,,,,
14012861,48.4,9.46,-10.56,,,,,
14018841,53.04,3.72,-8.12,,,,,
14024834,56.88,-5.68,-3.42,,,,,
14030793,60,-17.21,3.42,,,,,
14037089,62.62,-27.4,10.19,,,,,
14045332,64.76,-32.9,15.5,,,,,
14051287,62.68,-28.93,16.11,,,,,
14057284,57.8,-22.83,17.7,,,,,
14063251,40.71,-10.13,22.34,,,,,
14069251,33.14,-4.33,23.44,,,,,
14076520,30.27,-0.06,23.56,,,,,
14082483,32.17,1.77,23.07,,,,,
14088447,38.7,-0.85,20.57,,,,,
14094742,38.27,-2.81,18.49,,,,,
14101705,37.41,-4.39,16.3,,,,,
14147547,84.84,-7.75,23.44,,,,,
14155476,65.73,-7.45,20.39,,,,,
14161629,55.97,-6.84,17.82,,,,,
14167789,39.86,-6.77,12.02,,,,,
14173961,34.42,-6.96,9.58,,,,,
14180110,32.23,-6.47,7.39,,,,,
14186264,33.26,-5.25,5.13,,,,,
14193535,40.34,-2.81,-0.98,,,,,
14199694,43.7,-1.71,-5.31,,,,,
14206856,45.96,0.12,-10.25,,,,,
14213014,46.81,5.55,-20.45,,,,,
14219180,45.78,8.3,-24.78,,,,,
14226143,44.74,10.68,-28.2,,,,,
14232316,44.74,12.82,-30.4,,,,,
14238485,48.89,16.72,-31.07,,,,,
14244661,52.19,19.17,-29.54,,,,,
14250766,55.91,21.61,-27.4,,,,,
14257929,62.07,23.93,-22.28,,,,,
14264917,61.83,23.07,-19.96,,,,,
14271104,58.65,20.94,-18.07,,,,,
14277291,53.28,17.82,-16.11,,,,,
14283480,40.28,11.35,-12.02,,,,,
14289673,34.06,8.85,-10.44,,,,,
14295859,29.11,7.02,-9.4,,,,,
14302861,25.82,5.43,-8.91,,,,,
14309947,27.65,5.86,-9.52,,,,,
14316135,30.46,7.14,-10.5,,,,,
14322334,32.41,9.09,-11.54,,,,,
14328531,31.37,13.55,-12.94,,,,,
14335550,29.11,14.89,-13.49,,,,,
14341750,26.12,15.14,-14.22,,,,,
14347957,20.26,12.94,-15.2,,,,,
14354161,17.21,10.74,-14.89,,,,,
14360950,13.98,8.18,-13.98,,,,,
14367064,10.93,5.68,-12.76,,,,,
14374094,7.93,0.31,-10.62,,,,,
14380302,8.61,-3.17,-10.01,,,,,
14386113,9.7,-6.53,-10.19,,,,,
14392322,9.95,-8.24,-11.23,,,,,
14398129,3.66,-6.47,-14.77,,,,,
14403937,-2.75,-4.82,-16.42,,,,,
14411966,-9.34,-3.78,-17.76,,,,,
14417773,-16.66,-5.98,-21,,,,,
14423919,-15.81,-9.09,-23.56,,,,,
14429755,-12.45,-11.84,-26.73,,,,,
14435600,-7.93,-13.43,-30.7,,,,,
14442674,-1.53,-14.22,-41.26,,,,,
14448515,-1.1,-14.1,-47.24,,,,,
14454357,-2.75,-13.49,-52.86,,,,,
14460204,-5.49,-12.88,-57.37,,,,,
14467034,-7.75,-12.76,-60.55,,,,,
14472875,-8.85,-15.01,-63.78,,,,,
14480291,-10.01,-16.54,-64.51,,,,,
14486153,-13.73,-17.4,-64.58,,,,,
14492022,-20.39,-17.21,-64.21,,,,,
14497890,-38.09,-14.16,-64.45,,,,,
14503759,-45.84,-11.9,-65.86,,,,,
14510881,-51.7,-9.89,-68.54,,,,,
14516752,-55.85,-8.91,-72.69,,,,,
14523596,-61.22,-11.05,-84.96,,,,,
14529467,-63.05,-13.79,-93.81,,,,,
14535670,-64.64,-17.52,-104.49,,,,,
14542815,-65.37,-25.33,-126.65,,,,,
14548711,-63.72,-27.89,-136.05,,,,,
14554610,-60.49,-29.05,-143.8,,,,,
14560579,-55.91,-28.63,-148.74,,,,,
14566633,-50.23,-26.49,-150.51,,,,,
14574998,-36.74,-18.13,-147.64,,,,,
14581046,-29.97,-13.73,-145.2,,,,,
14587105,-23.68,-10.07,-141.85,,,,,
14593498,-14.16,-4.76,-129.46,,,,,
14599555,-11.72,-3.05,-124.88,,,,,
14605614,-11.23,-3.05,-128.48,,,,,
14613018,-20.94,-8.85,-152.04,,,,,
14619079,-30.09,-9.77,-162.35,,,,,
14626124,-38.7,-7.57,-171.81,,,,,
14632189,-45.17,-3.66,-184.08,,,,,
14638263,-56.7,3.23,-214.36,,,,,
14645685,-64.51,4.7,-229.37,,,,,
14652080,-73.06,4.33,-243.29,,,,,
14658152,-83.74,1.65,-261.11,,,,,
14664237,-81.54,0.67,-260.5,,,,,
14670311,-70.31,-0.49,-250.43,,,,,
14678730,-19.96,-2.87,-208.19,,,,,
14684818,7.57,-2.93,-186.1,,,,,
14690897,26.12,-3.17,-169.8,,,,,
14696980,33.39,-4.7,-160.52,,,,,
14703066,25.21,-10.07,-155.15,,,,,
14709493,18.92,-11.66,-154.91,,,,,
14721179,15.38,-11.66,-160.22,,,,,
14727279,16.3,-11.35,-167.48,,,,,
14734359,10.99,-9.83,-187.62,,,,,
14740445,3.48,-6.41,-196.53,,,,,
14746534,-6.04,-0.67,-201.84,,,,,
14753993,-26.86,13.67,-201.35,,,,,
14760103,-38.39,17.76,-200.93,,,,,
14766222,-51.7,17.15,-203.61,,,,,
14772663,-84.35,2.32,-217.9,,,,,
14778785,-97.84,-6.77,-225.22,,,,,
14787260,-104.19,-13.24,-230.65,,,,,
14793375,-99.43,-18.74,-231.26,,,,,
14799476,-94.85,-21,-226.68,,,,,
14805580,-90.39,-23.68,-220.46,,,,,
14811693,-84.59,-25.7,-213.32,,,,,
14817806,-69.21,-22.83,-199.04,,,,,
14825292,-61.95,-18.43,-192.26,,,,,
14831727,-56.21,-13.18,-185.49,,,,,
14838833,-48.4,-3.85,-169.13,,,,,
14844943,-43.95,0.55,-159.91,,,,,
14851132,-38.09,4.82,-152.77,,,,,
14858855,-28.5,11.6,-148.62,,,,,
14865128,-26.98,14.4,-148.8,,,,,
14871400,-27.28,16.91,-148.93,,,,,
14877681,-31.49,15.5,-149.6,,,,,
14883958,-35.03,11.17,-150.57,,,,,
14893068,-38.88,4.88,-156.07,,,,,
14899321,-34.36,4.52,-161.01,,,,,
14905569,-24.72,5.19,-166.32,,,,,
14911827,-13,6.41,-170.29,,,,,
14918085,3.11,8.73,-171.33,,,,,
14924338,6.41,9.28,-169.31,,,,,
14932055,8.06,9.52,-166.56,,,,,
14938312,2.5,10.68,-162.17,,,,,
14945556,-7.75,12.51,-162.54,,,,,
14952150,-21.73,15.2,-164.86,,,,,
14958420,-47.36,21.73,-170.96,,,,,
14966147,-55.05,24.84,-173.77,,,,,
15011852,-18.01,-25.15,-124.21,,,,,
15017882,-33.02,-17.4,-138,,,,,
15023929,-40.59,-5,-148.25,,,,,
15029968,-46.08,12.94,-157.84,,,,,
15036010,-49.5,34.67,-165.83,,,,,
15043395,-49.62,78.12,-183.78,,,,,
15049776,-44.86,97.72,-195.92,,,,,
15055826,-37.23,114.99,-208.07,,,,,
15062875,-19.78,136.6,-225.83,,,,,
15104869,69.64,175.48,-271.91,,,,,
15111745,74.28,192.14,-272.22,,,,,
15118433,63.54,200.87,-262.7,,,,,
15124535,53.28,188.23,-249.94,,,,,
15130652,42.6,166.44,-234.07,,,,,
15136783,32.9,139.22,-219.3,,,,,
15142830,21.12,87.28,-203.19,,,,,
15149814,19.96,68.66,-202.88,,,,,
15155625,21.97,55.24,-206.36,,,,,
15161439,26.98,45.65,-212.59,,,,,
15167252,34.85,38.82,-220.58,,,,,
15174048,56.09,27.16,-239.07,,,,,
15185782,79.83,13.73,-249.57,,,,,
15192081,90.64,9.89,-248.6,,,,,
15198225,102.66,12.27,-237.18,,,,,
15204301,100.71,15.81,-227.78,,,,,
15210464,94.24,18.01,-218.93,,,,,
15217401,86.12,17.03,-215.27,,,,,
15223557,78.19,3.91,-227.66,,,,,
15230288,80.2,-5.55,-234.99,,,,,
15236439,82.34,-15.56,-238.59,,,,,
15242609,74.77,-37.6,-242,,,,,
15248783,67.14,-47.18,-245,,,,,
15255750,61.1,-53.16,-248.23,,,,,
15261854,59.2,-54.57,-249.45,,,,,
15268046,70.31,-52.06,-241.15,,,,,
15274209,78.25,-51.15,-237.3,,,,,
15281365,83.68,-48.34,-238.77,,,,,
15288323,87.83,-27.89,-247.62,,,,,
15294500,89.66,-10.68,-245.85,,,,,
15300690,92.04,7.63,-239.07,,,,,
15306872,94.79,23.38,-230.1,,,,,
15313056,103.64,35.83,-217.29,,,,,
15320377,108.34,31.8,-215.76,,,,,
15326573,109.31,25.15,-219.42,,,,,
15333338,103.82,14.47,-234.86,,,,,
15339529,107.91,9.83,-238.65,,,,,
15345718,119.45,5.07,-237.92,,,,,
15351907,135.86,0.67,-233.28,,,,,
15358891,147.09,-3.66,-220.09,,,,,
15365071,131.59,-5.19,-214.97,,,,,
15371262,104.68,-9.7,-209.35,,,,,
15377371,76.78,-19.59,-200.56,,,,,
15384556,42.6,-50.48,-172.49,,,,,
15391578,25.33,-57.07,-162.35,,,,,
15397388,-5.25,-43.27,-165.28,,,,,
15403206,-67.32,30.64,-201.23,,,,,
15409017,-68.3,60.49,-214.17,,,,,
15414827,-49.19,75.68,-218.26,,,,,
15420643,-21,80.38,-216.98,,,,,
15427686,22.09,74.77,-212.1,,,,,
15433829,30.21,68.73,-211.36,,,,,
15440633,33.63,61.83,-211.55,,,,,
15446447,33.87,54.99,-210.51,,,,,
15452359,30.4,49.8,-206.12,,,,,
15459586,14.83,46.33,-187.81,,,,,
15465507,7.57,46.14,-177.25,,,,,
15471430,2.08,46.08,-167.97,,,,,
15477337,-2.5,47,-160.64,,,,,
15483242,2.38,48.77,-152.1,,,,,
15489475,16.05,44.56,-154.24,,,,,
15497635,28.87,39.73,-163.45,,,,,
15503544,18.31,47.55,-163.27,,,,,
15509457,3.78,59.45,-161.25,,,,,
15515372,-7.75,70.92,-160.52,,,,,
15521283,-13.31,79.47,-162.35,,,,,
15528482,-9.03,81.18,-170.53,,,,,
15534400,-6.59,72.45,-173.89,,,,,
15540324,-8.85,58.84,-177.12,,,,,
15546583,-16.3,43.03,-181.64,,,,,
15553502,-37.9,11.72,-194.21,,,,,
15560681,-48.89,-2.69,-201.42,,,,,
15566579,-60.55,-15.93,-207.28,,,,,
15572517,-73.79,-27.28,-209.72,,,,,
15578422,-106.08,-41.02,-195.92,,,,,
15584366,-124.33,-42.97,-179.99,,,,,
15590315,-146.36,-43.09,-160.58,,,,,
15597552,-206.48,-43.15,-128.05,,,,,
15604829,-237.49,-44.43,-118.35,,,,,
15610744,-259.58,-46.45,-108.83,,,,,
15616671,-264.83,-49.44,-94.6,,,,,
15622552,-232.18,-55.11,-52.61,,,,,
15629729,-210.02,-54.2,-35.1,,,,,
15635607,-191.16,-47.49,-28.99,,,,,
15641572,-173.65,-35.83,-34.12,,,,,
15647495,-154.42,-24.66,-42.3,,,,,
15653380,-110.78,-16.66,-38.88,,,,,
15661833,-90.27,-17.15,-30.7,,,,,
15667712,-57.43,-21.73,-20.87,,,,,
15673649,-44.62,-26.79,-17.94,,,,,
15679543,-32.41,-33.87,-12.63,,,,,
15685461,-21.42,-41.26,-3.23,,,,,
15692647,-10.19,-39.98,19.1,,,,,
15698541,-9.77,-31.25,24.72,,,,,
15704422,-11.96,-24.6,25.27,,,,,
15710308,-14.77,-23.44,22.52,,,,,
15717514,-10.99,-29.05,21.61,,,,,
15723395,27.4,-64.64,52.12,,,,,
15730553,41.5,-82.52,75.93,,,,,
15736487,43.15,-86.55,87.28,,,,,
15742383,39.55,-73.55,79.35,,,,,
15748287,35.1,-10.01,14.34,,,,,
15754188,29.54,25.51,-32.84,,,,,
15761352,16.66,51.51,-78.49,,,,,
15767257,-4.46,62.74,-113.34,,,,,
15774480,-51.94,49.93,-142.58,,,,,
15780391,-66.28,39.37,-147.16,,,,,
15786313,-71.35,33.2,-152.59,,,,,
15792239,-69.58,32.53,-159.48,,,,,
15799438,-61.52,38.21,-169.86,,,,,
15805364,-56.95,41.02,-170.35,,,,,
15811291,-47.18,41.99,-166.75,,,,,
15817222,-29.79,38.7,-160.4,,,,,
15823159,11.23,21.42,-151.49,,,,,
15831676,24.41,15.2,-152.16,,,,,
15837595,35.16,17.03,-157.29,,,,,
15843525,35.64,23.07,-159.85,,,,,
15849456,33.2,30.15,-163.51,,,,,
15855393,28.56,36.62,-169.37,,,,,
15862606,21.85,43.76,-186.1,,,,,
15868547,23.74,44.19,-195.01,,,,,
15874491,29.66,42.66,-203.98,,,,,
15880430,38.64,39.18,-212.89,,,,,
15887676,58.35,30.82,-225.71,,,,,
15893616,67.38,28.08,-233.09,,,,,
15910902,107.91,26.86,-280.46,,,,,
15917001,125.61,24.35,-299.93,,,,,
15923106,151.43,1.46,-328.06,,,,,
15929200,159.12,-18.25,-329.04,,,,,
15935300,167.91,-35.58,-319.03,,,,,
15943159,194.4,-37.6,-297.91,,,,,
15949267,220.21,-20.81,-291.75,,,,,
15955303,273.8,6.65,-259.52,,,,,
15961407,344.54,44.01,-188.54,,,,,
15967527,426.45,100.89,-18.92,,,,,
15973638,413.57,95.76,20.08,,,,,
15980517,386.78,72.08,28.81,,,,,
15986628,364.5,42.66,20.26,,,,,
15992739,350.89,-4.7,-20.32,,,,,
15999433,345.52,-19.59,-46.33,,,,,
16005539,333.74,-29.3,-69.52,,,,,
16012749,300.23,-35.95,-93.08,,,,,
16018877,280.09,-32.04,-96.8,,,,,
16025003,256.9,-24.84,-99.98,,,,,
16031142,230.16,-18.92,-104.74,,,,,
16037281,200.38,-18.13,-111.08,,,,,
16044202,143.43,-28.99,-126.53,,,,,
16050923,121.22,-35.83,-133.36,,,,,
16057070,102.17,-41.63,-138.37,,,,,
16063215,64.03,-50.66,-138.37,,,,,
16069272,43.4,-53.71,-132.63,,,,,
16075429,21.55,-54.38,-125.12,,,,,
16082374,-1.46,-50.9,-117.8,,,,,
16088514,-31.07,-36.56,-106.26,,,,,
16094674,-30.88,-28.69,-102.6,,,,,
16100829,-26.37,-20.02,-100.4,,,,,
16107565,-33.69,12.7,-101.99,,,,,
16114503,-49.68,33.87,-103.15,,,,,
16120659,-67.02,48.1,-102.11,,,,,
16126729,-78.55,50.48,-100.46,,,,,
16132892,-76.48,29.79,-108.95,,,,,
16139054,-63.6,17.21,-120.24,,,,,
16146011,-43.15,8.67,-131.9,,,,,
16151867,-17.76,3.85,-140.75,,,,,
16158806,29.05,-5.19,-149.66,,,,,
16164768,46.33,-11.66,-150.7,,,,,
16170748,59.33,-17.27,-150.27,,,,,
16176731,67.99,-18.43,-149.48,,,,,
16184364,76.48,-0.73,-148.74,,,,,
16190347,78.06,11.35,-147.89,,,,,
16196333,77.58,18.55,-145.39,,,,,
16202310,75.56,17.46,-141.3,,,,,
16208301,65.86,-2.08,-130.37,,,,,
16216592,64.82,-13.06,-123.78,,,,,
16222582,90.33,-26.25,-114.87,,,,,
16228579,108.4,-30.46,-114.01,,,,,
16234577,119.87,-36.56,-114.14,,,,,
16240933,122.31,-44.56,-114.62,,,,,
16248347,104.68,-51.94,-119.93,,,,,
16254438,87.16,-48.16,-122.56,,,,,
16260529,67.44,-42.72,-120.54,,,,,
16267601,37.54,-41.56,-98.94,,,,,
16273691,30.15,-47.24,-86.73,,,,,
16279790,26.25,-54.14,-78.98,,,,,
16292437,19.65,-60.79,-73.73,,,,,
16299013,4.58,-54.44,-71.53,,,,,
16305365,-7.39,-49.19,-73.36,,,,,
16311384,-22.52,-43.46,-75.81,,,,,
16317403,-37.05,-37.6,-76.54,,,,,
16325741,-48.1,-29.48,-73.55,,,,,
16331770,-45.17,-29.42,-72.2,,,,,
16337805,-34.97,-36.44,-71.53,,,,,
16343837,-29.24,-39.12,-72.45,,,,,
16349869,-22.64,-38.09,-73.61,,,,,
16357237,-15.87,-33.33,-74.4,,,,,
16363594,-6.77,-20.51,-72.27,,,,,
16369635,-5.19,-15.93,-66.47,,,,,
16375680,-4.58,-12.45,-58.11,,,,,
16382696,-7.08,-5.98,-46.39,,,,,
16388735,-10.99,-4.09,-44.37,,,,,
16396119,-14.77,-3.17,-42.36,,,,,
16402174,-17.76,-2.62,-39.61,,,,,
16408226,-25.76,-1.77,-35.77,,,,,
16414281,-32.47,-1.22,-34.12,,,,,
16420652,-43.7,-2.93,-33.39,,,,,
16428050,-78.31,-20.02,-37.72,,,,,
16435088,-91.74,-29.54,-41.02,,,,,
16441162,-97.53,-34.36,-44.49,,,,,
16447246,-98.08,-35.4,-48.4,,,,,
16453328,-96.44,-37.11,-57.86,,,,,
16460764,-98.75,-41.81,-63.35,,,,,
16466856,-103.58,-50.29,-68.36,,,,,
16472950,-115.23,-73.67,-74.4,,,,,
16479369,-119.32,-82.34,-75.99,,,,,
16486442,-121.58,-85.57,-77.58,,,,,
16493883,-121.52,-79.59,-81.48,,,,,
16499967,-119.81,-74.52,-82.95,,,,,
16506063,-117.13,-69.46,-84.17,,,,,
16512154,-114.14,-64.09,-86.3,,,,,
16518259,-112.37,-49.99,-97.6,,,,,
16524359,-114.38,-42.36,-104.74,,,,,
16531826,-116.7,-35.03,-109.25,,,,,
16539253,-116.03,-24.78,-106.32,,,,,
16545352,-112.79,-25.76,-103.03,,,,,
16551460,-108.52,-31.37,-101.44,,,,,
16557576,-99.43,-42.11,-102.05,,,,,
16565054,-94.24,-41.81,-102.78,,,,,
16571172,-88.01,-36.93,-102.48,,,,,
16577243,-81.12,-29.72,-100.77,,,,,
16583364,-70.5,-22.03,-97.96,,,,,
16590433,-67.5,-22.77,-100.52,,,,,
16598183,-61.95,-21.67,-109.99,,,,,
16604273,-59.63,-20.51,-113.71,,,,,
16610363,-59.51,-20.94,-117,,,,,
16616452,-62.93,-23.44,-120.42,,,,,
16622542,-70.92,-27.16,-124.02,,,,,
16628645,-67.08,-23.01,-121.22,,,,,
16636106,-58.11,-14.28,-116.03,,,,,
16643186,-44.43,8.12,-113.34,,,,,
16649231,-45.65,19.47,-121.89,,,,,
16655663,-51.64,29.54,-135.44,,,,,
16661760,-59.94,36.07,-149.41,,,,,
16669209,-73.67,34.61,-162.23,,,,,
16675296,-77.15,29.05,-158.45,,,,,
16681386,-78.8,23.74,-150.51,,,,,
16687441,-78.25,21.06,-141.66,,,,,
16694446,-68.54,25.33,-126.22,,,,,
16700467,-59.69,28.81,-118.84,,,,,
16707821,-37.78,27.77,-103.88,,,,,
16714188,-25.88,22.83,-97.66,,,,,
16733180,3.85,-3.17,-85.88,,,,,
16739374,4.7,-9.28,-83.56,,,,,
16746147,4.03,-14.95,-80.99,,,,,
16753147,1.89,-27.65,-76.42,,,,,
16759349,1.59,-32.53,-74.77,,,,,
16765551,1.59,-34.3,-73.97,,,,,
16771756,1.1,-32.17,-74.1,,,,,
16777563,-4.46,-19.29,-75.44,,,,,
16784934,-9.4,-12.15,-75.38,,,,,
16790743,-15.14,-6.47,-74.58,,,,,
16797532,-25.09,-1.22,-71.29,,,,,
16803745,-27.47,-0.73,-69.76,,,,,
16809563,-28.08,-1.04,-69.15,,,,,
16815378,-27.47,-1.95,-69.21,,,,,
16822416,-26.37,-3.42,-69.58,,,,,
16828238,-26.73,-5.98,-68.3,,,,,
16834059,-26.31,-7.81,-66.35,,,,,
16840212,-23.99,-10.44,-64.39,,,,,
16846039,-21.55,-12.76,-62.81,,,,,
16854079,-26.61,-10.01,-56.95,,,,,
16859904,-31.13,-5.8,-52.73,,,,,
16865734,-34.06,-1.22,-49.56,,,,,
16871570,-34.24,3.85,-48.03,,,,,
16877400,-32.41,9.64,-47.67,,,,,
16883238,-27.04,20.14,-50.84,,,,,
16890309,-25.15,23.13,-55.3,,,,,
16896472,-24.17,25.09,-60.55,,,,,
16902313,-24.48,26.06,-65.12,,,,,
16909140,-28.44,25.51,-69.15,,,,,
16914984,-30.4,24.6,-69.15,,,,,
16922056,-31.13,23.99,-69.03,,,,,
16927889,-29.79,25.33,-74.4,,,,,
16933728,-28.2,26.06,-79.77,,,,,
16939570,-26.25,24.84,-85.27,,,,,
16945387,-24.54,20.81,-90.03,,,,,
16951560,-22.89,15.14,-94.06,,,,,
16958642,-18.92,4.39,-97.96,,,,,
16965435,-17.58,0.61,-97.11,,,,,
16971244,-17.33,-2.14,-94.79,,,,,
16977064,-17.88,-3.11,-91.8,,,,,
16983247,-16.66,-0.06,-85.88,,,,,
16990250,-12.82,1.95,-82.52,,,,,
16996066,-6.1,3.3,-78.12,,,,,
17002252,3.17,3.66,-72.14,,,,,
17008446,27.59,3.66,-62.13,,,,,
17014304,39.92,3.36,-60.36,,,,,
17021149,50.9,2.81,-58.9,,,,,
17028254,67.5,-0.79,-47.67,,,,,
17034116,72.02,-4.46,-38.02,,,,,
17039982,74.22,-8.18,-28.26,,,,,
17045850,74.58,-10.44,-20.26,,,,,
17051721,73.18,-10.62,-14.47,,,,,
17057592,66.77,-6.71,-7.63,,,,,
17065114,64.39,-4.27,-6.41,,,,,
17070990,63.9,-2.08,-7.08,,,,,
17077854,65.43,2.08,-11.54,,,,,
17083732,64.58,4.88,-13.12,,,,,
17089615,62.13,7.93,-13.49,,,,,
17096772,59.33,10.68,-12.7,,,,,
17102659,55.48,14.89,-10.8,,,,,
17108565,52.8,16.91,-10.93,,,,,
17114463,48.46,18.55,-11.72,,,,,
17120669,43.21,19.78,-12.88,,,,,
17126518,38.09,20.39,-13.85,,,,,
17134596,31.8,19.59,-15.26,,,,,
17140438,30.58,18.25,-16.97,,,,,
17146293,29.54,16.3,-20.26,,,,,
17152172,27.83,13.98,-24.84,,,,,
17158033,22.52,9.46,-34.42,,,,,
17165158,19.9,7.51,-38.09,,,,,
17171046,18.07,5.8,-40.71,,,,,
17177238,17.46,4.64,-42.24,,,,,
17183121,21.36,3.48,-42.36,,,,,
17189991,24.84,2.75,-41.63,,,,,
17195877,28.02,1.71,-40.83,,,,,
17203036,31.01,-0.73,-39.98,,,,,
17208926,30.27,-1.77,-40.1,,,,,
17214836,28.32,-2.5,-40.77,,,,,
17220774,25.7,-2.93,-41.99,,,,,
17226693,22.95,-2.87,-43.64,,,,,
17232960,17.15,-0.43,-46.88,,,,,
17241177,13.67,1.89,-48.71,,,,,
17247118,9.58,4.33,-51.21,,,,,
17253046,0.49,7.87,-59.08,,,,,
17258992,-4.52,8.67,-64.15,,,,,
17264903,-10.31,8.3,-68.79,,,,,
17272118,-16.78,6.47,-71.78,,,,,
17278072,-30.76,-1.65,-72.51,,,,,
17283992,-36.68,-6.71,-70.86,,,,,
17290232,-40.77,-11.66,-67.99,,,,,
17297147,-42.79,-16.17,-64.09,,,,,
17303087,-43.64,-22.09,-55.18,,,,,
17310347,-43.58,-22.22,-50.6,,,,,
17316311,-43.7,-20.14,-45.84,,,,,
17322281,-44.13,-16.3,-40.53,,,,,
17328253,-46.63,-6.77,-30.15,,,,,
17334220,-48.16,-3.3,-26.31,,,,,
17341484,-49.5,-1.04,-22.95,,,,,
17348767,-46.69,0,-15.93,,,,,
17354731,-42.24,-0.85,-12.39,,,,,
17360713,-37.72,-1.89,-9.52,,,,,
17366689,-33.75,-2.26,-7.2,,,,,
17374056,-26.37,-0.37,-2.81,,,,,
17380119,-23.13,1.46,-0.31,,,,,
17386189,-20.75,3.3,2.38,,,,,
17392254,-18.62,4.64,4.94,,,,,
17398321,-12.33,3.48,6.1,,,,,
17405692,-8.67,1.59,4.76,,,,,
17418321,0.98,-3.11,-0.12,,,,,
17424867,2.2,-4.39,0.18,,,,,
17430859,2.62,-5.13,1.46,,,,,
17436854,3.42,-5.68,2.81,,,,,
17442854,7.63,-7.57,3.36,,,,,
17448854,10.13,-8,2.87,,,,,
17457157,12.02,-7.45,2.56,,,,,
17463156,12.51,-4.09,4.33,,,,,
17469477,11.54,-1.95,5.49,,,,,
17475486,10.25,0.24,5.98,,,,,
17481489,9.03,2.14,5.68,,,,,
17488821,7.51,4.27,4.09,,,,,
17494830,7.14,4.58,3.23,,,,,
17500841,6.59,4.27,2.38,,,,,
17506857,5.8,3.54,1.83,,,,,
17513858,4.33,1.77,2.26,,,,,
17519870,4.27,0.98,3.17,,,,,
17536408,8.36,2.69,7.39,,,,,
17542596,10.31,5.86,10.13,,,,,
17548787,10.38,6.47,11.35,,,,,
17554985,10.38,6.1,12.63,,,,,
17561181,10.31,4.88,13.61,,,,,
17569170,8.85,3.11,13.92,,,,,
17575365,6.96,4.09,13.43,,,,,
17581567,4.76,5.86,12.57,,,,,
17587768,1.46,9.4,9.22,,,,,
17593932,0.12,11.54,7.45,,,,,
17600141,-1.1,14.1,5.92,,,,,
17607164,-2.08,16.24,4.15,,,,,
17613376,-1.89,18.92,-0.55,,,,,
17620567,-1.22,20.87,-2.99,,,,,
17626777,-0.98,23.74,-5.13,,,,,
17632588,-2.2,30.03,-8,,,,,
17638397,-3.11,32.17,-8.3,,,,,
17645433,-3.91,33.02,-8.42,,,,,
17651565,-4.64,32.84,-9.03,,,,,
17657380,-6.35,30.94,-10.99,,,,,
17663200,-7.63,30.27,-10.93,,,,,
17669023,-9.16,29.97,-10.38,,,,,
17677061,-10.86,29.66,-10.13,,,,,
17682882,-14.28,28.44,-12.02,,,,,
17688716,-15.69,27.1,-13.79,,,,,
17694549,-16.66,25.02,-15.87,,,,,
17700378,-17.4,22.34,-17.7,,,,,
17707769,-18.49,17.09,-19.47,,,,,
17713608,-19.41,15.44,-18.98,,,,,
17719451,-21.18,15.01,-17.33,,,,,
17725292,-23.93,16.05,-15.01,,,,,
17732120,-27.4,18.01,-12.76,,,,,
17737968,-33.81,20.08,-11.47,,,,,
17745054,-34.36,18.8,-12.15,,,,,
17750902,-32.47,16.48,-12.45,,,,,
17756752,-28.5,13.92,-11.9,,,,,
17762957,-18.25,10.19,-8.61,,,,,
17768810,-13.06,9.09,-6.23,,,,,
17775917,-8.67,8.48,-3.48,,,,,
17781770,-5.13,8.12,0,,,,,
17788601,0.12,8.36,9.16,,,,,
17794449,2.32,8.12,13.85,,,,,
17800305,4.46,6.96,17.4,,,,,
17806167,6.47,5.25,19.17,,,,,
17813285,8.85,1.46,18.62,,,,,
17819489,8.85,-0.43,17.27,,,,,
17825355,8.42,-2.2,15.5,,,,,
17831223,8,-3.72,13.12,,,,,
17837095,7.87,-4.88,10.44,,,,,
17845209,7.26,-4.58,5.74,,,,,
17851074,6.41,-2.87,4.39,,,,,
17856953,5.62,-0.98,3.42,,,,,
17862832,4.94,1.77,1.95,,,,,
17868718,4.64,2.26,1.22,,,,,
17874950,4.03,1.95,-0.18,,,,,
17882099,3.23,0.67,-2.08,,,,,
17887983,4.94,-3.3,-4.52,,,,,
17893869,8,-5.68,-4.15,,,,,
17900746,11.84,-8.48,-2.99,,,,,
17906640,16.05,-11.41,-1.71,,,,,
17912537,25.33,-16.05,0.37,,,,,
17919703,29.91,-18.13,1.34,,,,,
17925602,33.81,-19.9,2.38,,,,,
17931821,36.13,-20.87,3.66,,,,,
17937728,32.29,-18.98,8.48,,,,,
17943635,24.05,-16.42,12.57,,,,,
17951801,11.78,-12.45,17.52,,,,,
17957711,-14.28,-3.85,25.57,,,,,
17963627,-21.18,-2.38,26.55,,,,,
17969542,-22.71,-2.93,25.33,,,,,
17975453,-20.14,-3.72,22.46,,,,,
17981366,-14.83,-3.36,18.74,,,,,
17988924,-1.46,1.4,12.08,,,,,
17994849,4.15,4.82,9.52,,,,,
18000771,7.81,8.3,7.45,,,,,
18007676,8.85,14.4,4.64,,,,,
18013597,7.51,16.72,4.39,,,,,
18020804,6.41,18.19,4.46,,,,,
18026738,5.49,19.04,4.09,,,,,
18032675,1.46,19.04,-0.98,,,,,
18038609,-1.28,18.37,-4.82,,,,,
18044868,-3.42,17.82,-8.06,,,,,
18050808,-4.64,17.94,-10.38,,,,,
18059025,-5.62,19.47,-13.79,,,,,
18064965,-5.07,19.9,-15.14,,,,,
18070906,-3.54,19.29,-15.99,,,,,
18076854,-0.79,17.46,-16.24,,,,,
18082801,5.62,12.57,-13.31,,,,,
18090052,8.24,10.68,-9.83,,,,,
18096002,10.01,8.67,-5.49,,,,,
18102269,10.8,5.8,-1.28,,,,,
18108224,10.5,-2.2,6.1,,,,,
18115163,10.38,-5.62,9.46,,,,,
18121120,10.99,-7.81,12.33,,,,,
18128377,13.67,-8.73,14.95,,,,,
18134333,14.65,-7.87,15.08,,,,,
18140293,14.47,-6.47,15.75,,,,,
18146259,13.43,-4.52,16.97,,,,,
18152231,12.39,-1.95,17.94,,,,,
18159824,12.02,2.87,16.97,,,,,
18166780,11.72,4.03,16.42,,,,,
18172754,9.22,4.88,18.49,,,,,
18178732,7.39,5.55,21.55,,,,,
18184716,5.74,7.08,25.88,,,,,
18190697,4.64,9.22,30.27,,,,,
18198039,7.14,12.82,20.02,,,,,
18204058,10.74,10.93,5.68,,,,,
18210072,14.22,6.53,-5.92,,,,,
18216417,16.05,2.44,-9.52,,,,,
18223416,14.95,1.1,-1.95,,,,,
18229432,13.12,2.44,1.04,,,,,
18236760,11.11,4.46,1.04,,,,,
18242721,5.19,8.18,-3.97,,,,,
18248687,1.22,8.06,-7.02,,,,,
18254653,-2.26,6.41,-9.89,,,,,
18260624,-4.7,3.42,-12.33,,,,,
18267896,-6.04,-4.39,-14.04,,,,,
18275178,-5.37,-7.51,-12.82,,,,,
18281144,-3.78,-9.4,-10.25,,,,,
18287122,-1.59,-10.44,-6.77,,,,,
18293104,2.2,-10.31,0.12,,,,,
18299082,2.75,-9.4,2.56,,,,,
18306364,2.2,-8.24,4.33,,,,,
18312342,-0.79,-5.8,5.37,,,,,
18318318,-2.99,-5.13,4.58,,,,,
18324297,-5.31,-5.13,3.42,,,,,
18331598,-7.08,-5.68,2.56,,,,,
18346142,-7.51,-8.54,4.21,,,,,
18352300,-6.77,-9.28,4.94,,,,,
18358457,-4.03,-9.03,5.86,,,,,
18364619,-2.26,-8.18,6.16,,,,,
18370782,-0.67,-7.26,6.35,,,,,
18376951,0.18,-6.65,6.59,,,,,
18384897,-1.1,-7.63,8.06,,,,,
18391058,-2.81,-9.16,8.85,,,,,
18397149,-4.52,-11.11,9.22,,,,,
18403325,-7.45,-14.53,9.03,,,,,
18409500,-9.64,-16.17,8.67,,,,,
18416477,-12.7,-18.25,8.24,,,,,
18422662,-19.23,-22.77,8.12,,,,,
18428831,-21.67,-24.35,7.87,,,,,
18435989,-23.19,-25.02,7.08,,,,,
18442159,-23.74,-24.72,6.41,,,,,
18448351,-21.48,-22.89,6.29,,,,,
18455669,-19.41,-21.85,6.41,,,,,
18461860,-16.91,-20.57,6.47,,,,,
18468056,-11.17,-16.66,7.39,,,,,
18474251,-9.22,-14.53,8.06,,,,,
18480444,-8.73,-12.39,8.85,,,,,
18488434,-12.76,-9.34,9.46,,,,,
18494628,-18.13,-10.38,7.81,,,,,
18500831,-24.78,-12.94,5.13,,,,,
18507029,-30.21,-15.08,2.69,,,,,
18513150,-31.86,-13.12,0.73,,,,,
18519347,-29.3,-10.25,-0.12,,,,,
18526453,-26.37,-7.32,-1.59,,,,,
18532325,-23.25,-2.01,-4.09,,,,,
18538212,-22.77,0.85,-4.09,,,,,
18545089,-22.22,3.42,-3.42,,,,,
18550981,-21.48,5,-2.93,,,,,
18563003,-20.14,9.4,-4.33,,,,,
18569374,-20.32,13.67,-6.1,,,,,
18575527,-20.69,18.37,-8,,,,,
18581348,-20.45,22.64,-9.22,,,,,
18587173,-18.68,26.61,-8.18,,,,,
18592999,-11.6,33.51,-3.3,,,,,
18601046,-9.52,33.14,-4.58,,,,,
18606870,-9.95,28.99,-9.16,,,,,
18612701,-14.89,18.86,-19.41,,,,,
18618536,-17.27,16.78,-22.28,,,,,
18624373,-18.49,16.48,-23.38,,,,,
18631772,-18.43,17.03,-22.71,,,,,
18637611,-16.54,21.3,-18.25,,,,,
18643451,-15.63,24.23,-15.99,,,,,
18649290,-14.77,25.57,-14.04,,,,,
18656117,-13.67,23.93,-11.54,,,,,
18663204,-9.28,13.49,-3.72,,,,,
18669051,-5.68,7.81,0.98,,,,,
18674897,-1.46,2.38,5.62,,,,,
18680749,3.17,-3.72,10.25,,,,,
18686956,7.75,-10.86,14.89,,,,,
18692816,14.89,-22.16,22.4,,,,,
18699928,17.46,-22.52,24.05,,,,,
18705793,19.84,-18.86,24.35,,,,,
18712641,25.51,-3.91,22.83,,,,,
18718498,29.24,5.62,20.94,,,,,
18724359,34.61,17.27,18.43,,,,,
18735180,53.59,48.89,15.5,,,,,
18742296,72.27,77.45,12.57,,,,,
18748502,74.34,82.28,7.87,,,,,
18754375,71.17,80.26,2.14,,,,,
18760320,64.27,74.04,-2.62,,,,,
18767322,43.7,60.24,-5.31,,,,,
18774686,32.41,54.26,-2.81,,,,,
18780720,22.58,47.49,2.69,,,,,
18786757,14.77,39.31,10.13,,,,,
18792800,4.7,22.34,23.5,,,,,
18798840,0,13.55,27.34,,,,,
18805206,-5.49,4.27,29.91,,,,,
18812580,-14.04,-10.19,35.03,,,,,
18819608,-15.5,-14.47,36.87,,,,,
18825658,-15.5,-18.49,36.44,,,,,
18831715,-13.98,-22.46,33.63,,,,,
18837777,-7.81,-26.86,26.18,,,,,
18845186,-4.64,-26.37,23.62,,,,,
18851242,-1.71,-24.29,22.77,,,,,
18857298,0.92,-18.98,24.23,,,,,
18863674,0,-16.36,23.86,,,,,
18870720,-1.77,-14.71,21.97,,,,,
18876769,-3.17,-13.79,18.98,,,,,
18884176,-5.62,-9.22,9.52,,,,,
18890224,-7.39,-4.46,4.64,,,,,
18896279,-9.03,-0.06,1.46,,,,,
18902325,-12.7,-2.38,-0.43,,,,,
18908375,-15.5,-8.48,-0.55,,,,,
18915785,-18.74,-14.34,-0.55,,,,,
18923160,-22.03,-20.14,-0.06,,,,,
18929219,-22.16,-20.57,0.24,,,,,
18935280,-21.97,-20.32,0.49,,,,,
18941345,-21.67,-19.84,0.55,,,,,
18947415,-20.14,-18.62,0.49,,,,,
18954855,-18.74,-17.76,0.55,,,,,
18960932,-16.72,-16.72,0.61,,,,,
18967010,-14.65,-15.38,0.67,,,,,
18973094,-12.15,-13.24,0.55,,,,,
18980487,-11.9,-12.88,0.55,,,,,
18987931,-12.33,-13.31,0.73,,,,,
18994033,-12.45,-13.61,0.85,,,,,
19000114,-12.02,-13.43,0.92,,,,,
19006203,-10.93,-12.57,0.85,,,,,
19012285,-8.18,-10.13,0.61,,,,,
19018376,-7.32,-9.16,0.43,,,,,
19025837,-7.08,-8.42,0.24,,,,,
19032909,-6.71,-6.59,-0.24,,,,,
19039316,-5.37,-4.82,-0.49,,,,,
19045480,-3.42,-2.81,-0.67,,,,,
19051731,-1.77,-1.04,-0.85,,,,,
19057959,-0.49,0.49,-0.79,,,,,
19065662,-0.55,0.55,-0.55,,,,,
19071939,-0.61,0.24,-0.37,,,,,
19078193,-0.55,-0.73,0,,,,,
19085408,-0.43,-0.85,0.12,,,,,
19091641,-0.24,-0.61,0.24,,,,,
19099657,0.37,0.24,0.61,,,,,
19105906,0.61,0.49,0.85,,,,,
19112153,0.85,0.61,1.04,,,,,
19118403,1.04,0.61,0.79,,,,,
19124654,1.16,0.67,0.61,,,,,
19130911,1.53,0.73,0.43,,,,,
19139601,4.27,1.1,0.06,,,,,
19145857,9.16,0.85,-0.24,,,,,
19152124,17.94,0.18,-0.67,,,,,
19167133,45.53,-1.95,-2.62,,,,,
19173161,56.52,-2.87,-3.36,,,,,
19179194,56.09,-5.43,-3.17,,,,,
19186560,49.74,-9.77,-2.75,,,,,
19193588,31.37,-19.96,-1.77,,,,,
19199625,24.66,-23.38,-1.46,,,,,
19205668,20.39,-24.78,-1.22,,,,,
19211709,18.49,-24.6,-1.1,,,,,
19219102,18.25,-21.73,-1.1,,,,,
19225458,17.76,-19.17,-1.04,,,,,
19241407,10.38,-7.87,-0.61,,,,,
19248074,4.7,-1.71,-0.24,,,,,
19254150,2.62,0.37,-0.12,,,,,
19260237,1.59,2.14,-0.12,,,,,
19267082,1.83,3.91,-0.24,,,,,
19273169,4.82,10.07,-0.37,,,,,
19279262,6.23,15.01,-0.43,,,,,
19285356,6.35,20.39,-0.43,,,,,
19291352,4.7,25.33,-0.43,,,,,
19297445,-2.87,33.02,-0.12,,,,,
19305291,-8,36.44,0.12,,,,,
19311386,-13.49,39.67,0.43,,,,,
19317489,-19.59,45.29,0.98,,,,,
19323598,-19.53,46.45,1.22,,,,,
19329709,-18.62,45.29,1.28,,,,,
19336599,-17.76,41.75,1.16,,,,,
19342732,-15.32,32.1,0.67,,,,,
19348786,-13.37,28.08,0.49,,,,,
19354928,-10.93,25.02,0.37,,,,,
19361650,-9.03,23.25,0.31,,,,,
19367782,-7.87,23.25,0.43,,,,,
19374699,-7.93,23.74,0.55,,,,,
19380811,-8.42,23.62,0.55,,,,,
19386956,-9.64,22.89,0.55,,,,,
19393070,-10.99,19.53,0.49,,,,,
19399180,-9.95,16.54,0.43,,,,,
19406405,-8,12.76,0.43,,,,,
19413099,-3.66,5.55,0.24,,,,,
19419244,-1.95,2.99,0.12,,,,,
19425390,-0.67,1.16,-0.06,,,,,
19431545,0.12,-0.12,-0.06,,,,,
19437699,0.55,-1.34,0,,,,,
19444646,0.37,-1.4,0,,,,,
19450803,0.12,-1.22,0,,,,,
19456967,-0.06,-1.16,0.06,,,,,
19463036,0,-0.73,0,,,,,
19469775,0.12,-0.49,0,,,,,
19475941,0.18,-0.31,0,,,,,
19482910,0.18,-0.12,0.06,,,,,
19489085,0.18,0.06,0.06,,,,,
19495255,0.18,0.31,0.06,,,,,
19501430,0.18,0.49,0.18,,,,,
19507604,0.18,0.43,0.18,,,,,
19513783,0.12,0.06,0.12,,,,,
19522123,0.12,-0.24,0.06,,,,,
19528266,0.12,-0.67,-0.06,,,,,
19534455,0.18,-0.73,-0.06,,,,,
19540642,0.18,-0.43,-0.12,,,,,
19546833,0.18,0,-0.12,,,,,
19553834,0,0.85,-0.18,,,,,
19560012,-0.12,1.04,-0.12,,,,,
19566209,-0.24,1.04,-0.06,,,,,
19573389,-0.12,0.67,0.06,,,,,
19579483,0,0.18,0.12,,,,,
19585642,0.18,-0.31,0.06,,,,,
19592723,0.43,-1.28,0,,,,,
19598626,0.43,-1.53,0,,,,,
19604541,0.37,-1.59,0,,,,,
19610454,0.37,-1.4,0.06,,,,,
19616367,0.43,-1.1,0.06,,,,,
19622276,0.24,-0.37,0.06,,,,,
19630447,0.12,0.06,0.06,,,,,
19636684,-0.06,0.49,0.06,,,,,
19642606,-0.24,0.85,0,,,,,
19648519,-0.24,0.67,0,,,,,
19654431,-0.24,0.37,0.06,,,,,
19661653,-0.18,0.06,0.06,,,,,
19667585,-0.06,-0.18,0.06,,,,,
19673485,0,-0.37,0.06,,,,,
19679420,0.12,-0.61,0.12,,,,,
19686324,0.12,-0.85,0.12,,,,,
19692560,0.18,-0.92,-0.06,,,,,
19699854,0.12,-0.67,-0.12,,,,,
19705884,0.06,-0.43,-0.06,,,,,
19711878,0.06,-0.31,0,,,,,
19717869,0.06,-0.31,0.06,,,,,
19723867,0.06,-0.37,0.06,,,,,
19729854,0.12,-0.24,0.06,,,,,
19743240,0.06,0.31,0,,,,,
19749682,0,0.49,0,,,,,
19755965,-0.06,0.61,0.06,,,,,
19761888,0,0.67,0.18,,,,,
19767817,0.12,0.61,0.31,,,,,
19773752,0.18,0.31,0.31,,,,,
19780968,0.18,0,0.31,,,,,
19786902,0.18,-0.18,0.24,,,,,
19792835,0.06,-0.24,0.06,,,,,
19799758,0,-0.37,0,,,,,
19805614,0,-0.37,0,,,,,
19813135,0,-0.43,0,,,,,
19819016,-0.06,-0.37,0,,,,,
19824879,-0.12,-0.24,-0.12,,,,,
19830745,-0.12,0,-0.18,,,,,
19836658,-0.18,0.12,-0.12,,,,,
19842564,0,0.12,0.06,,,,,
19849696,0.12,0.06,0.12,,,,,
19856544,0.24,0,0.12,,,,,
19862410,0.55,-0.31,0.06,,,,,
19868632,0.55,-0.49,0.06,,,,,
19874490,0.43,-0.67,0.06,,,,,
19880357,0.37,-0.67,0.06,,,,,
19887453,0.37,-0.37,0.06,,,,,
19893333,0.31,-0.18,0.12,,,,,
19899215,0.24,0,0.12,,,,,
19905098,0.12,0.12,0.12,,,,,
19911952,0.12,0.12,0,,,,,
19919104,0.24,0.24,-0.06,,,,,
19925314,0.18,0.31,0,,,,,
19931193,0.12,0.37,0.06,,,,,
19937084,0,0.37,0.12,,,,,
19942979,0,0.49,0.06,,,,,
19948880,0,0.61,0.06,,,,,
19956048,0.12,0.73,0,,,,,
19961945,0.12,0.73,0.06,,,,,
19968832,-0.06,0.43,0.06,,,,,
19974732,0,0.31,0,,,,,
19980972,0.12,0.24,0.06,,,,,
19986878,0.12,0.24,0.12,,,,,
19994064,0.06,0.31,0.18,,,,,
19999974,0.12,0.43,0.12,,,,,
20005883,0.18,0.49,0.06,,,,,
20011799,0.18,0.43,0,,,,,
20017716,0.06,0.18,-0.06,,,,,
20024625,0,0.06,-0.06,,,,,
20031807,0,-0.06,0,,,,,
20049141,0.24,-0.55,0,,,,,
20055241,0.31,-0.61,0,,,,,
20061333,0.37,-0.67,0,,,,,
20067428,0.49,-0.61,-0.06,,,,,
20074284,0.43,-0.61,-0.12,,,,,
20080947,0.37,-0.61,-0.06,,,,,
20087046,0.31,-0.73,0,,,,,
20093145,0.31,-0.98,0.06,,,,,
20099253,0.24,-0.98,0.06,,,,,
20105271,0.24,-0.79,0.06,,,,,
20112144,0.18,-0.61,0.12,,,,,
20118241,0.24,-0.24,0.06,,,,,
20124339,0.24,0,0.06,,,,,
20130449,0.12,0.31,0.12,,,,,
20137140,0.06,0.61,0.06,,,,,
20143242,-0.06,1.16,0,,,,,
20150133,-0.06,1.28,0,,,,,
20156244,-0.06,1.34,-0.06,,,,,
20162242,-0.18,1.4,0.06,,,,,
20168320,-0.18,1.22,0.12,,,,,
20174445,-0.12,0.92,0.12,,,,,
20180572,-0.06,0.61,0.12,,,,,
20188466,0.06,0.06,0.06,,,,,
20194588,0.18,-0.06,0.06,,,,,
20200712,0.31,-0.31,0.06,,,,,
20206854,0.37,-0.61,0.06,,,,,
20212995,0.49,-0.85,-0.06,,,,,
20220228,0.43,-0.92,-0.06,,,,,
20226369,0.31,-0.98,0.06,,,,,
20232498,0.06,-0.92,0.12,,,,,
20239633,0.06,-0.67,0.06,,,,,
20245774,0.12,-0.37,0,,,,,
20251924,0.18,0.12,-0.06,,,,,
20258858,0.12,0.67,-0.06,,,,,
20264983,0,0.67,0,,,,,
20271105,-0.06,0.61,0.06,,,,,
20277174,0,0.43,0.06,,,,,
20283333,0.06,0.24,-0.06,,,,,
20289485,0.06,0.18,-0.12,,,,,
20297525,0.31,0.37,-0.06,,,,,
20303443,0.31,0.43,-0.06,,,,,
20309406,0.31,0.49,-0.12,,,,,
20315370,0.24,0.43,-0.12,,,,,
20321336,0.24,0.43,-0.18,,,,,
20328600,0.06,0.31,-0.18,,,,,
20334896,0,0.31,-0.18,,,,,
20340868,-0.06,0.18,-0.12,,,,,
20346809,-0.06,0.06,-0.12,,,,,
20353771,0.06,-0.18,0.06,,,,,
20359748,0.06,-0.31,0.12,,,,,
20367049,0.12,-0.37,0.12,,,,,
20373033,0.18,-0.43,0.12,,,,,
20379006,0.31,-0.24,0.06,,,,,
20384997,0.37,0.06,0.06,,,,,
20391304,0.37,0.37,0,,,,,
20397294,0.24,0.61,0,,,,,
20405587,0.12,0.67,0,,,,,
20411575,0.06,0.61,0,,,,,
20417569,0.24,0.49,0.06,,,,,
20423564,0.31,0.24,0.06,,,,,
20429562,0.24,-0.12,0,,,,,
20436885,0.24,-0.43,-0.06,,,,,
20442890,0.18,-0.61,-0.06,,,,,
20449227,0.18,-0.61,-0.06,,,,,
20455223,0.12,-0.55,-0.06,,,,,
20462213,0.06,-0.43,-0.06,,,,,
20468173,0.12,-0.37,0,,,,,
20475505,0.18,-0.37,0.06,,,,,
20481504,0.12,-0.37,0.12,,,,,
20487519,0,-0.31,0,,,,,
20493534,-0.06,-0.12,-0.06,,,,,
20499551,0,-0.06,-0.06,,,,,
20505904,0.06,0,-0.06,,,,,
20514235,0.12,0.06,0.06,,,,,
20520226,0.18,0.24,0.12,,,,,
20526245,0.18,0.37,0.18,,,,,
20532279,0.24,0.67,0.24,,,,,
20538298,0.24,0.85,0.18,,,,,
20544333,0.18,0.92,0.06,,,,,
20551713,0.18,0.98,-0.06,,,,,
20557758,0.12,1.22,-0.06,,,,,
20564160,0,1.28,0.06,,,,,
20571189,-0.06,1.34,0.12,,,,,
20577194,0,1.22,0.12,,,,,
20584561,0,1.1,0.06,,,,,
20590613,-0.06,0.98,0,,,,,
20596638,-0.06,0.73,0,,,,,
20602682,-0.12,0.12,0.12,,,,,
20608742,-0.06,0,0.12,,,,,
20614809,0,-0.12,0,,,,,
20623529,0.06,-0.43,-0.18,,,,,
20629566,0,-0.61,-0.18,,,,,
20635637,0,-0.61,-0.12,,,,,
20641705,0,-0.49,0,,,,,
20647772,-0.06,0.12,0.06,,,,,
20653840,-0.06,0.49,0,,,,,
20661274,-0.06,0.79,0.06,,,,,
20667344,-0.06,1.04,0.06,,,,,
20673412,-0.12,0.85,0.06,,,,,
20680787,-0.18,0.67,0.06,,,,,
20686862,-0.24,0.49,0,,,,,
20694304,-0.12,0.06,-0.06,,,,,
20700387,-0.06,-0.31,-0.06,,,,,
20706451,0,-0.61,-0.06,,,,,
20712531,0.18,-0.49,-0.06,,,,,
20718617,0.18,-0.18,-0.06,,,,,
20724670,0.18,0.06,0,,,,,
20737162,0,0.37,-0.12,,,,,
20743550,0,0.31,-0.18,,,,,
20749555,0.06,0.18,-0.12,,,,,
20755563,0.06,0,0,,,,,
20761628,0.06,-0.18,0.06,,,,,
20767680,0.18,-0.24,0.06,,,,,
20775098,0.24,0.12,0.06,,,,,
20781147,0.24,0.49,0.12,,,,,
20788197,0,1.1,0.31,,,,,
20794223,-0.61,1.46,0.31,,,,,
20800599,-1.46,2.01,0.37,,,,,
20806641,-2.2,2.44,0.31,,,,,
20814064,-2.14,2.5,0.18,,,,,
20820130,-1.65,2.2,0.12,,,,,
20826170,-1.22,1.89,0.06,,,,,
20832210,-1.1,1.83,-0.06,,,,,
20839254,-1.22,2.08,0,,,,,
20846600,-1.4,2.32,-0.06,,,,,
20852558,-1.46,2.56,0,,,,,
20858877,-1.53,2.5,0.06,,,,,
20873796,-1.22,1.46,0.06,,,,,
20879989,-0.79,0.73,0.12,,,,,
20886167,-0.43,0,0.18,,,,,
20894226,0.06,-0.37,0.06,,,,,
20900051,0.12,-0.12,0,,,,,
20905883,0.12,0.24,0,,,,,
20911749,0.12,0.49,0,,,,,
20917626,0.06,0.67,0.06,,,,,
20923828,-0.06,0.61,0.12,,,,,
20935774,-0.24,0.67,0.06,,,,,
20942133,-0.37,0.67,0.06,,,,,
20948919,-0.37,0.67,0.06,,,,,
20955095,-0.24,0.49,0.06,,,,,
20961303,-0.06,0.18,0.06,,,,,
20967112,0.12,-0.24,0.06,,,,,
20974142,0.31,-1.04,-0.06,,,,,
20979953,0.24,-1.22,-0.12,,,,,
20986056,0.18,-1.4,-0.06,,,,,
20991869,0.12,-1.4,0,,,,,
20998057,0.24,-1.1,0.06,,,,,
21006079,0.24,-0.92,0.06,,,,,
21011892,0.24,-0.67,0.12,,,,,
21018087,0.06,0.06,0.06,,,,,
21023906,0.06,0.31,0.06,,,,,
21029735,0.06,0.43,0,,,,,
21035561,0,0.43,-0.06,,,,,
21042978,0,0.43,-0.12,,,,,
21048809,0,0.37,-0.06,,,,,
21055018,0,0.31,0,,,,,
21061762,-0.06,0.06,0.06,,,,,
21067962,0.12,-0.18,0.06,,,,,
21074167,0.18,-0.12,0.06,,,,,
21081209,0.24,-0.12,0.06,,,,,
21087386,0.12,-0.31,0.06,,,,,
21093593,0.06,-0.31,0.06,,,,,
21099734,0.06,-0.18,0.06,,,,,
21105916,0.06,0,0.06,,,,,
21113109,0.06,0.18,0.12,,,,,
21120128,0.12,0.24,0.12,,,,,
21126313,0.24,0.18,0.06,,,,,
21132456,0.24,0.18,0,,,,,
21138567,0.12,0.31,0.06,,,,,
21144669,0,0.49,0.12,,,,,
21151615,-0.12,0.61,0.06,,,,,
21157809,-0.06,0.55,0.12,,,,,
21164623,0.06,0.49,0.06,,,,,
21170477,0.12,0.37,0.06,,,,,
21176338,0.12,0.18,0.06,,,,,
21182178,0.06,-0.12,0.06,,,,,
21189269,0.12,-0.24,0.06,,,,,
21195147,0.12,-0.24,0.12,,,,,
21201026,0.12,-0.37,0.12,,,,,
21206874,0.12,-0.49,0.12,,,,,
21213084,0.12,-0.67,0.06,,,,,
21219920,0.12,-0.73,0.06,,,,,
21227067,0.12,-0.92,0.06,,,,,
21232953,0.24,-1.16,-0.06,,,,,
21238839,0.24,-1.16,-0.06,,,,,
21244741,0.31,-0.98,0,,,,,
21250640,0.37,-0.73,0.06,,,,,
21256516,0.43,-0.49,0.06,,,,,
21263667,0.31,0.06,0.06,,,,,
21269807,0.18,0.24,0.06,,,,,
21276639,0.06,0.31,0.06,,,,,
21282487,0.06,0.31,0.06,,,,,
21288308,0.12,0.31,0.06,,,,,
21295400,0.12,0.24,0.12,,,,,
21301261,0.12,0.24,0.18,,,,,
21307127,0.12,0.24,0.06,,,,,
21313010,0.12,0.24,0,,,,,
21318918,0.12,0.24,-0.06,,,,,
21325158,0,0.43,-0.06,,,,,
21333269,-0.18,0.73,-0.06,,,,,
21339199,-0.24,0.73,0,,,,,
21345133,-0.31,0.67,0.12,,,,,
21351077,-0.24,0.73,0.12,,,,,
21357022,-0.18,0.85,0.06,,,,,
21362962,-0.12,1.34,0,,,,,
21370168,-0.18,1.59,0.06,,,,,
21376088,-1.16,2.08,0.12,,,,,
21382351,-3.72,3.72,0.24,,,,,
21389254,-3.97,4.39,0.18,,,,,
21395172,-3.78,4.88,0.18,,,,,
21401131,-3.85,5.68,0.24,,,,,
21408353,-4.88,7.75,0.18,,,,,
21414289,-5.43,8.61,0.06,,,,,
21420194,-5.8,9.09,0.06,,,,,
21426141,-6.1,9.46,0,,,,,
21432024,-6.29,9.77,0,,,,,
21440513,-6.23,9.89,-0.06,,,,,
21446398,-6.1,9.64,0,,,,,
21452296,-5.92,9.16,0.06,,,,,
21458215,-5.74,8.79,-0.06,,,,,
21464168,-5.31,8.3,-0.12,,,,,
21470093,-4.64,7.51,-0.12,,,,,
21477311,-3.48,5.92,0,,,,,
21483246,-3.05,5.13,0.06,,,,,
21489179,-2.5,4.33,0.12,,,,,
21496426,-1.89,3.36,0.06,,,,,
21502355,-0.49,0.79,-0.06,,,,,
21508288,0,-0.49,-0.06,,,,,
21515528,0.31,-1.4,-0.06,,,,,
21521462,0.37,-1.95,-0.06,,,,,
21527401,0.61,-2.44,0,,,,,
21533342,0.85,-2.44,0.06,,,,,
21539283,1.22,-2.44,0.12,,,,,
21547522,2.26,-2.69,0.31,,,,,
21553785,2.69,-2.99,0.37,,,,,
21559744,2.93,-3.17,0.37,,,,,
21565701,2.93,-3.11,0.37,,,,,
21571693,2.69,-2.81,0.24,,,,,
21577652,1.65,-1.53,0.06,,,,,
21584929,1.04,-0.79,0.06,,,,,
21590889,0.43,-0.24,0,,,,,
21596854,0,0.24,-0.06,,,,,
21603804,-0.12,0.85,0,,,,,
21610085,-0.12,1.1,0.06,,,,,
21616055,-0.18,1.4,0,,,,,
21623340,-0.55,2.14,-0.06,,,,,
21629305,-0.92,2.69,0,,,,,
21635282,-1.1,2.93,0.06,,,,,
21641264,-1.04,2.87,0.06,,,,,
21647239,-0.67,2.38,-0.06,,,,,
21653218,-0.55,1.59,-0.06,,,,,
21661502,-0.31,0.12,-0.06,,,,,
21678169,2.2,-5.13,0,,,,,
21684333,3.3,-5.55,0,,,,,
21690487,4.33,-5.74,0.06,,,,,
21696641,4.94,-5.68,0.18,,,,,
21703602,4.52,-4.88,0.43,,,,,
21709758,3.78,-4.09,0.43,,,,,
21716492,2.99,-3.42,0.31,,,,,
21722653,2.5,-3.91,-0.12,,,,,
21728816,2.93,-4.94,-0.31,,,,,
21734894,3.54,-5.92,-0.31,,,,,
21741908,3.97,-6.53,-0.24,,,,,
21748081,4.15,-6.59,-0.18,,,,,
21754283,3.91,-6.1,-0.18,,,,,
21760488,3.48,-5.25,-0.18,,,,,
21767668,2.26,-3.05,-0.12,,,,,
21773838,1.65,-2.14,0,,,,,
21780835,1.28,-1.65,0,,,,,
21786646,1.22,-1.65,-0.12,,,,,
21792739,1.83,-2.69,-0.12,,,,,
21798930,2.26,-3.6,-0.06,,,,,
21804742,2.81,-4.58,-0.06,,,,,
21810933,3.48,-5.62,-0.12,,,,,
21818963,5.07,-7.32,-0.18,,,,,
21825168,5.62,-7.75,-0.18,,,,,
21830994,5.74,-7.69,-0.12,,,,,
21836820,5.43,-7.26,-0.06,,,,,
21842633,3.85,-5.43,-0.12,,,,,
21850007,2.81,-4.15,-0.06,,,,,
21855837,1.71,-2.69,-0.06,,,,,
21861671,0.79,-1.16,0,,,,,
21867484,-0.12,1.16,0,,,,,
21874296,-0.18,1.71,0.12,,,,,
21880128,-0.24,1.89,0.12,,,,,
21887178,0.06,1.16,0.06,,,,,
21893018,0.24,0.67,0.06,,,,,
21898860,0.37,0.24,0,,,,,
21905022,0.43,-0.12,0,,,,,
21910834,0.43,-0.43,-0.12,,,,,
21916683,0.31,-0.61,-0.24,,,,,
21923780,-1.59,-2.75,-0.06,,,,,
21930612,-2.62,-4.15,0.18,,,,,
21936429,-2.56,-4.7,0.24,,,,,
21942251,-0.55,-4.39,0.24,,,,,
21948110,0.12,-4.94,0.24,,,,,
21955218,0.18,-5.55,0.18,,,,,
21961393,-0.24,-5.68,0.12,,,,,
21967255,-0.98,-4.46,-0.12,,,,,
21973120,-0.85,-3.85,-0.12,,,,,
21978974,-0.43,-3.36,-0.06,,,,,
21985822,0.24,-2.99,-0.06,,,,,
21992936,1.65,-2.32,0,,,,,
21998809,2.26,-1.89,0,,,,,
22004684,2.56,-1.34,0.06,,,,,
22010561,2.56,-0.67,0.06,,,,,
22016774,2.26,0.06,0.06,,,,,
22022641,1.53,1.1,0.06,,,,,
22029788,1.22,1.34,0,,,,,
22035641,0.98,1.22,-0.06,,,,,
22042507,0.55,0.67,-0.18,,,,,
22048386,0.43,0.43,-0.12,,,,,
22054260,0.31,0.31,-0.06,,,,,
22061487,0.43,0.37,-0.06,,,,,
22067448,1.16,1.16,-0.12,,,,,
22073749,1.1,1.28,-0.12,,,,,
22079727,0.67,1.04,-0.12,,,,,
22085699,0.31,0.61,0,,,,,
22091671,0.24,0.37,0,,,,,
22105011,0,-0.43,0.06,,,,,
22111440,0,-0.55,0.18,,,,,
22117315,0.12,-0.31,0.24,,,,,
22123194,-0.31,-0.61,0.18,,,,,
22129077,-0.61,-0.98,0.06,,,,,
22135325,-0.55,-1.16,0.06,,,,,
22142518,0.37,-0.61,0,,,,,
22148433,0.49,-0.37,-0.06,,,,,
22154354,0.49,-0.24,-0.06,,,,,
22161247,0.31,-0.12,0,,,,,
22167167,-0.06,-0.06,0,,,,,
22174363,-0.31,-0.06,0,,,,,
22180289,-0.49,-0.12,0.06,,,,,
22186222,-0.61,-0.24,0.12,,,,,
22192473,-0.37,-0.43,0.06,,,,,
22198407,-0.12,-0.31,0,,,,,
22204326,0.12,-0.12,0,,,,,
22212532,0.49,0.37,0.18,,,,,
22218461,0.55,0.43,0.24,,,,,
22224394,0.61,0.37,0.18,,,,,
22230287,0.55,0.12,0.12,,,,,
22236237,0.43,-0.06,0.06,,,,,
22242147,0.06,-0.31,0,,,,,
22249726,-0.12,-0.37,0,,,,,
22255680,-0.18,-0.37,0,,,,,
22261638,-0.06,-0.43,0,,,,,
22268577,0.12,-0.37,0,,,,,
22274525,0.12,-0.24,0,,,,,
22281774,0.12,-0.12,-0.12,,,,,
22287736,0.24,-0.06,-0.18,,,,,
22293708,0.31,-0.06,-0.12,,,,,
22299677,0.24,-0.12,-0.06,,,,,
22305999,0.18,-0.24,0,,,,,
22311969,0.18,-0.55,0.06,,,,,
22320216,0.43,-1.4,0.12,,,,,
22326181,0.79,-2.01,0.06,,,,,
22332153,1.83,-3.54,-0.06,,,,,
22338131,2.38,-4.09,-0.06,,,,,
22344142,2.75,-4.46,0,,,,,
22350155,2.99,-4.58,0.12,,,,,
22357493,2.93,-3.97,0.12,,,,,
22363823,2.81,-3.42,0.12,,,,,
22369848,2.56,-2.93,0,,,,,
22376835,2.26,-2.62,0,,,,,
22382837,1.4,-1.95,-0.12,,,,,
22388854,0.98,-1.59,-0.12,,,,,
22396151,0.61,-1.28,-0.12,,,,,
22402136,0.06,-1.1,-0.06,,,,,
22408133,-0.12,-1.16,0,,,,,
22414090,-0.18,-1.16,0,,,,,
22420375,-0.06,-1.04,-0.06,,,,,
22428625,0.24,-0.79,-0.12,,,,,
22434614,0.37,-0.61,-0.06,,,,,
22440607,0.55,-0.43,0.06,,,,,
22446617,0.67,-0.12,0.06,,,,,
22452617,0.67,0.37,0.06,,,,,
22458584,0.55,0.49,0.12,,,,,
22465863,0.43,0.55,0.12,,,,,
22483185,0.06,0.67,0,,,,,
22489206,0,0.61,-0.06,,,,,
22495357,0,0.55,-0.12,,,,,
22501512,0.06,0.49,0,,,,,
22507657,0.24,0.37,0.18,,,,,
22514606,0.37,0.31,0.18,,,,,
22520754,0.43,0.12,0.12,,,,,
22526920,0.49,0,0.06,,,,,
22533090,0.31,-0.31,0,,,,,
22539838,0.18,-0.37,0,,,,,
22547103,-0.18,-0.31,0.06,,,,,
22553271,-0.18,-0.18,0.12,,,,,
22559445,-0.12,-0.06,0.12,,,,,
22565620,0,0,0.06,,,,,
22571793,0.06,0,0,,,,,
22577973,0.18,0.06,0,,,,,
22584961,0.24,-0.06,0,,,,,
22591705,0.24,-0.18,-0.06,,,,,
22597887,0.24,-0.37,-0.06,,,,,
22604019,0.31,-0.31,0,,,,,
22610206,0.37,-0.24,0,,,,,
22616397,0.37,-0.24,0.06,,,,,
22623392,0.12,-0.24,-0.06,,,,,
22629573,0.06,-0.31,-0.18,,,,,
22635738,0,-0.37,-0.18,,,,,
22642912,-0.06,-0.61,-0.06,,,,,
22649108,-0.06,-0.61,-0.06,,,,,
22656115,-0.06,-0.55,-0.06,,,,,
22662226,0.06,-0.43,0.06,,,,,
22668417,0.12,-0.31,0.06,,,,,
22674629,0.24,-0.12,0.06,,,,,
22680437,0.18,-0.06,0.06,,,,,
22686635,0.12,-0.18,0.06,,,,,
22694653,-0.18,-0.31,0,,,,,
22700859,-0.37,-0.31,-0.06,,,,,
22706676,-0.49,-0.18,-0.06,,,,,
22712882,-0.37,0.31,0,,,,,
22719046,-0.12,0.49,0,,,,,
22725255,0.06,0.55,0.06,,,,,
22732285,0.24,0.37,0,,,,,
22742180,0.31,0.18,0.06,,,,,
22748985,0.31,0.24,0.12,,,,,
22754805,0.37,0.31,0.12,,,,,
22760629,0.37,0.37,0.06,,,,,
22767697,0.37,0.37,0,,,,,
22773529,0.24,0.31,0,,,,,
22779655,0.24,0.24,0,,,,,
22785486,0.12,0.06,-0.06,,,,,
22791317,0,-0.06,-0.06,,,,,
22797153,-0.18,-0.31,-0.06,,,,,
22805204,-0.12,-0.37,-0.06,,,,,
22811038,-0.06,-0.31,-0.06,,,,,
22816881,0.06,-0.18,-0.12,,,,,
22822730,0.31,0.24,-0.18,,,,,
22828575,0.49,0.31,-0.18,,,,,
22834730,0.55,0.24,-0.12,,,,,
22841826,0.55,0.24,-0.12,,,,,
22847680,0.37,0.24,-0.06,,,,,
22853519,0.18,0.24,0,,,,,
22860352,0.12,0.31,-0.06,,,,,
22866203,0.06,0.24,-0.06,,,,,
22873312,0,-0.18,-0.06,,,,,
22879158,0,-0.43,-0.06,,,,,
22885022,0,-0.61,-0.06,,,,,
22891188,-0.06,-0.67,0,,,,,
22897053,0,-0.67,0,,,,,
22902906,0.06,-0.55,-0.06,,,,,
22910032,0.06,-0.43,-0.06,,,,,
22917025,-0.12,-0.24,0.06,,,,,
22923032,-0.18,-0.31,0.06,,,,,
22929058,-0.18,-0.24,0.06,,,,,
22935071,-0.06,-0.24,0.06,,,,,
22941106,0.06,-0.12,0.06,,,,,
22948811,0.12,-0.06,0.12,,,,,
22954836,0.12,-0.18,0.12,,,,,
22960870,0.12,-0.24,0.18,,,,,
22966894,0.24,-0.18,0.18,,,,,
22973905,0.61,0.06,0.06,,,,,
22981287,0.61,0.12,0,,,,,
